source_file,frame_idx,timestamp_ms,cls_id,cls_name,conf,x1,y1,x2,y2,w,h
MOV_0174.mp4,0,0,41,cup,0.9725,643.5,454.6,1191.6,903.7,548.0,449.1
MOV_0174.mp4,1,33,41,cup,0.9738,643.5,454.3,1191.6,903.5,548.1,449.2
MOV_0174.mp4,2,66,41,cup,0.9738,643.4,454.5,1191.6,905.0,548.2,450.5
MOV_0174.mp4,3,100,41,cup,0.9734,643.4,454.7,1191.5,904.3,548.1,449.6
MOV_0174.mp4,4,133,41,cup,0.9741,643.4,454.4,1191.3,903.7,547.9,449.3
MOV_0174.mp4,5,167,41,cup,0.9736,643.3,454.5,1191.3,904.3,548.0,449.8
MOV_0174.mp4,6,200,41,cup,0.9742,643.3,454.7,1191.1,904.4,547.8,449.8
MOV_0174.mp4,7,233,41,cup,0.9752,643.2,454.4,1191.1,903.8,547.8,449.4
MOV_0174.mp4,8,267,41,cup,0.9752,643.0,454.7,1191.1,904.3,548.0,449.6
MOV_0174.mp4,9,300,41,cup,0.9754,643.0,454.9,1191.0,904.8,548.0,449.9
MOV_0174.mp4,10,334,41,cup,0.9744,643.0,454.4,1191.1,903.6,548.1,449.2
MOV_0174.mp4,11,367,41,cup,0.975,643.0,454.6,1191.1,903.7,548.1,449.1
MOV_0174.mp4,12,401,41,cup,0.974,643.3,454.6,1191.0,903.7,547.8,449.1
MOV_0174.mp4,13,434,41,cup,0.9732,643.3,454.1,1191.0,903.2,547.7,449.0
MOV_0174.mp4,14,467,41,cup,0.9736,643.6,454.2,1191.0,903.6,547.3,449.4
MOV_0174.mp4,15,501,41,cup,0.9743,643.4,454.3,1190.9,903.4,547.4,449.1
MOV_0174.mp4,16,534,41,cup,0.9752,643.5,454.0,1191.0,903.2,547.5,449.2
MOV_0174.mp4,17,568,41,cup,0.9736,643.5,454.1,1190.9,903.6,547.5,449.5
MOV_0174.mp4,18,601,41,cup,0.9738,643.3,454.3,1190.9,904.0,547.6,449.7
MOV_0174.mp4,19,634,41,cup,0.9738,643.5,454.2,1190.9,903.2,547.4,449.0
MOV_0174.mp4,20,668,41,cup,0.9746,643.3,454.3,1191.0,903.3,547.7,449.1
MOV_0174.mp4,21,701,41,cup,0.9746,643.2,454.5,1191.1,903.7,547.9,449.2
MOV_0174.mp4,22,735,41,cup,0.9749,643.4,454.3,1190.9,903.2,547.4,448.8
MOV_0174.mp4,23,768,41,cup,0.9751,643.4,454.3,1190.8,903.3,547.4,449.0
MOV_0174.mp4,24,802,41,cup,0.9756,643.5,454.4,1190.9,903.5,547.4,449.1
MOV_0174.mp4,25,835,41,cup,0.9756,643.8,454.4,1190.9,903.2,547.1,448.8
MOV_0174.mp4,26,868,41,cup,0.9757,643.8,454.3,1190.9,903.3,547.2,449.0
MOV_0174.mp4,27,902,41,cup,0.9747,643.7,454.5,1190.9,903.2,547.3,448.7
MOV_0174.mp4,28,935,41,cup,0.9748,643.6,454.5,1190.9,903.2,547.3,448.8
MOV_0174.mp4,29,969,41,cup,0.9749,643.5,454.2,1190.9,903.1,547.4,448.8
MOV_0174.mp4,30,1002,41,cup,0.9723,643.2,454.6,1191.0,903.4,547.8,448.8
MOV_0174.mp4,31,1035,41,cup,0.9727,643.1,454.5,1191.0,903.4,548.0,448.8
MOV_0174.mp4,32,1069,41,cup,0.973,643.2,454.6,1191.1,903.2,547.9,448.6
MOV_0174.mp4,33,1102,41,cup,0.9738,643.3,454.6,1191.1,903.4,547.8,448.8
MOV_0174.mp4,34,1136,41,cup,0.9749,643.2,454.6,1191.1,903.5,547.9,448.9
MOV_0174.mp4,35,1169,41,cup,0.9741,643.2,454.7,1191.1,903.3,547.9,448.6
MOV_0174.mp4,36,1203,41,cup,0.9732,643.2,454.7,1190.9,903.5,547.7,448.9
MOV_0174.mp4,37,1236,41,cup,0.9733,643.3,454.7,1190.9,903.4,547.6,448.7
MOV_0174.mp4,38,1269,41,cup,0.974,643.2,454.6,1190.9,903.6,547.7,449.1
MOV_0174.mp4,39,1303,41,cup,0.9742,643.2,454.6,1191.0,903.7,547.8,449.1
MOV_0174.mp4,40,1336,41,cup,0.9736,643.2,454.5,1190.9,903.8,547.7,449.2
MOV_0174.mp4,41,1370,41,cup,0.9742,643.0,454.5,1190.9,903.7,547.9,449.2
MOV_0174.mp4,42,1403,41,cup,0.9748,643.2,454.6,1190.8,903.7,547.5,449.2
MOV_0174.mp4,43,1437,41,cup,0.9742,643.2,454.5,1190.7,903.5,547.6,449.0
MOV_0174.mp4,44,1470,41,cup,0.9738,643.1,454.5,1190.8,903.7,547.6,449.2
MOV_0174.mp4,45,1503,41,cup,0.9746,643.2,454.5,1190.8,904.0,547.7,449.5
MOV_0174.mp4,46,1537,41,cup,0.9739,643.2,454.5,1190.8,903.6,547.6,449.2
MOV_0174.mp4,47,1570,41,cup,0.9746,643.3,454.6,1190.8,903.5,547.5,448.9
MOV_0174.mp4,48,1604,41,cup,0.9745,643.2,454.5,1190.8,903.8,547.6,449.2
MOV_0174.mp4,49,1637,41,cup,0.9738,643.3,454.6,1190.8,903.3,547.5,448.7
MOV_0174.mp4,50,1670,41,cup,0.9742,643.2,454.4,1190.7,903.5,547.6,449.1
MOV_0174.mp4,51,1704,41,cup,0.9746,643.0,454.5,1190.8,903.5,547.8,449.0
MOV_0174.mp4,52,1737,41,cup,0.9736,643.2,454.5,1190.8,903.7,547.7,449.1
MOV_0174.mp4,53,1771,41,cup,0.974,643.2,454.4,1191.0,903.8,547.8,449.4
MOV_0174.mp4,54,1804,41,cup,0.9752,643.1,454.4,1191.0,903.7,547.9,449.3
MOV_0174.mp4,55,1838,41,cup,0.9751,643.1,454.3,1191.0,903.6,547.9,449.3
MOV_0174.mp4,56,1871,41,cup,0.9752,643.2,454.4,1191.0,903.5,547.7,449.1
MOV_0174.mp4,57,1904,41,cup,0.975,643.3,454.5,1190.9,903.8,547.7,449.3
MOV_0174.mp4,58,1938,41,cup,0.9749,643.2,454.5,1190.8,903.8,547.7,449.3
MOV_0174.mp4,59,1971,41,cup,0.9747,643.3,454.5,1190.8,903.5,547.5,449.0
MOV_0174.mp4,60,2005,41,cup,0.9733,643.3,454.8,1191.3,904.0,548.0,449.1
MOV_0174.mp4,61,2038,41,cup,0.9733,643.4,454.8,1191.3,903.8,547.8,449.0
MOV_0174.mp4,62,2071,41,cup,0.9742,643.4,454.7,1191.2,903.9,547.8,449.2
MOV_0174.mp4,63,2105,41,cup,0.9741,643.6,454.7,1191.1,903.9,547.6,449.1
MOV_0174.mp4,64,2138,41,cup,0.9734,643.6,454.7,1191.1,903.7,547.5,449.0
MOV_0174.mp4,65,2172,41,cup,0.9732,643.5,454.5,1191.0,903.7,547.5,449.2
MOV_0174.mp4,66,2205,41,cup,0.9719,643.6,454.5,1191.0,903.7,547.4,449.2
MOV_0174.mp4,67,2239,41,cup,0.9722,643.5,454.6,1191.1,903.6,547.6,449.1
MOV_0174.mp4,68,2272,41,cup,0.9723,643.7,454.5,1191.1,903.7,547.4,449.2
MOV_0174.mp4,69,2305,41,cup,0.9719,644.2,453.6,1190.8,906.8,546.6,453.2
MOV_0174.mp4,70,2339,41,cup,0.973,643.2,454.4,1191.3,903.5,548.1,449.1
MOV_0174.mp4,71,2372,41,cup,0.9733,643.3,454.4,1191.2,903.5,548.0,449.1
MOV_0174.mp4,72,2406,41,cup,0.9743,643.3,454.5,1191.0,903.5,547.7,449.0
MOV_0174.mp4,73,2439,41,cup,0.9751,643.4,454.5,1191.1,903.4,547.7,448.9
MOV_0174.mp4,74,2473,41,cup,0.9747,643.3,454.4,1191.0,903.8,547.6,449.4
MOV_0174.mp4,75,2506,41,cup,0.9745,643.3,454.6,1191.0,903.9,547.7,449.3
MOV_0174.mp4,76,2539,41,cup,0.976,643.3,454.6,1190.9,903.7,547.6,449.1
MOV_0174.mp4,77,2573,41,cup,0.9753,643.4,454.6,1191.0,903.8,547.6,449.2
MOV_0174.mp4,78,2606,41,cup,0.9746,643.4,454.6,1191.0,903.9,547.6,449.3
MOV_0174.mp4,79,2640,41,cup,0.9734,643.4,454.6,1191.0,903.5,547.6,449.0
MOV_0174.mp4,80,2673,41,cup,0.9741,643.3,454.6,1190.9,903.6,547.6,448.9
MOV_0174.mp4,81,2706,41,cup,0.9747,643.2,454.5,1190.9,903.7,547.8,449.1
MOV_0174.mp4,82,2740,41,cup,0.9743,643.4,454.5,1191.0,903.8,547.6,449.2
MOV_0174.mp4,83,2773,41,cup,0.9746,643.4,454.5,1190.9,903.9,547.5,449.3
MOV_0174.mp4,84,2807,41,cup,0.9747,643.3,454.5,1191.0,903.8,547.7,449.3
MOV_0174.mp4,85,2840,41,cup,0.9749,643.4,454.6,1191.0,903.7,547.6,449.0
MOV_0174.mp4,86,2874,41,cup,0.9751,643.3,454.6,1191.1,903.6,547.7,449.1
MOV_0174.mp4,87,2907,41,cup,0.9748,643.3,454.6,1191.0,903.8,547.7,449.2
MOV_0174.mp4,88,2940,41,cup,0.9754,643.2,454.6,1190.9,903.5,547.8,448.9
MOV_0174.mp4,89,2974,41,cup,0.9757,643.1,454.6,1191.0,903.8,547.9,449.3
MOV_0174.mp4,90,3007,41,cup,0.9762,643.0,455.0,1191.1,903.8,548.0,448.8
MOV_0174.mp4,91,3041,41,cup,0.9752,643.1,455.1,1190.9,903.9,547.8,448.7
MOV_0174.mp4,92,3074,41,cup,0.9749,642.9,455.1,1191.2,904.6,548.3,449.5
MOV_0174.mp4,93,3107,41,cup,0.9752,643.0,455.2,1190.9,904.5,547.9,449.3
MOV_0174.mp4,94,3141,41,cup,0.9754,643.0,455.1,1190.9,904.5,547.9,449.5
MOV_0174.mp4,95,3174,41,cup,0.9757,643.0,455.0,1190.8,903.8,547.8,448.8
MOV_0174.mp4,96,3208,41,cup,0.9753,643.0,454.9,1190.9,904.6,547.9,449.7
MOV_0174.mp4,97,3241,41,cup,0.9751,643.2,454.8,1190.9,903.9,547.7,449.1
MOV_0174.mp4,98,3275,41,cup,0.9742,643.1,454.6,1190.9,904.0,547.8,449.5
MOV_0174.mp4,99,3308,41,cup,0.9746,643.1,454.7,1190.9,904.1,547.8,449.4
MOV_0174.mp4,100,3341,41,cup,0.9748,643.3,454.8,1190.9,904.2,547.6,449.5
MOV_0174.mp4,101,3375,41,cup,0.9737,643.3,454.8,1190.9,903.9,547.7,449.1
MOV_0174.mp4,102,3408,41,cup,0.9734,643.2,454.7,1191.0,904.2,547.8,449.5
MOV_0174.mp4,103,3442,41,cup,0.9737,643.3,454.8,1191.0,904.1,547.7,449.4
MOV_0174.mp4,104,3475,41,cup,0.9753,643.3,454.6,1191.0,904.2,547.7,449.6
MOV_0174.mp4,105,3508,41,cup,0.9742,643.3,454.7,1191.0,904.0,547.7,449.3
MOV_0174.mp4,106,3542,41,cup,0.9754,643.3,454.7,1191.1,904.1,547.7,449.4
MOV_0174.mp4,107,3575,41,cup,0.9754,643.3,454.7,1191.2,903.7,547.8,449.0
MOV_0174.mp4,108,3609,41,cup,0.9744,643.3,454.6,1191.1,904.3,547.8,449.7
MOV_0174.mp4,109,3642,41,cup,0.9747,643.4,454.6,1191.2,904.1,547.8,449.4
MOV_0174.mp4,110,3676,41,cup,0.9749,643.3,454.6,1191.2,904.1,547.9,449.5
MOV_0174.mp4,111,3709,41,cup,0.9746,643.2,454.7,1191.2,903.9,547.9,449.2
MOV_0174.mp4,112,3742,41,cup,0.975,643.3,454.7,1191.0,904.0,547.6,449.3
MOV_0174.mp4,113,3776,41,cup,0.9746,643.3,454.8,1190.9,903.9,547.6,449.2
MOV_0174.mp4,114,3809,41,cup,0.9744,643.3,454.8,1190.9,904.1,547.7,449.3
MOV_0174.mp4,115,3843,41,cup,0.9749,643.4,454.7,1191.0,904.2,547.6,449.5
MOV_0174.mp4,116,3876,41,cup,0.9746,643.3,454.6,1191.1,903.7,547.7,449.1
MOV_0174.mp4,117,3910,41,cup,0.9743,643.5,454.7,1191.0,903.6,547.5,448.9
MOV_0174.mp4,118,3943,41,cup,0.974,643.6,454.7,1191.0,903.6,547.4,448.9
MOV_0174.mp4,119,3976,41,cup,0.9744,643.4,454.7,1191.1,903.9,547.7,449.3
MOV_0174.mp4,120,4010,41,cup,0.9736,643.3,454.8,1191.1,904.0,547.9,449.2
MOV_0174.mp4,121,4043,41,cup,0.9741,643.3,454.7,1191.1,903.8,547.8,449.1
MOV_0174.mp4,122,4077,41,cup,0.9735,643.4,454.7,1191.1,903.7,547.7,449.0
MOV_0174.mp4,123,4110,41,cup,0.9734,643.4,454.7,1191.0,903.7,547.6,449.1
MOV_0174.mp4,124,4143,41,cup,0.9741,643.3,454.7,1191.0,903.7,547.6,449.0
MOV_0174.mp4,125,4177,41,cup,0.9727,643.3,454.8,1191.0,903.5,547.7,448.8
MOV_0174.mp4,126,4210,41,cup,0.9738,643.4,454.8,1190.8,903.6,547.4,448.8
MOV_0174.mp4,127,4244,41,cup,0.9745,643.3,454.8,1191.0,903.4,547.7,448.6
MOV_0174.mp4,128,4277,41,cup,0.9724,643.4,454.8,1191.0,903.4,547.6,448.6
MOV_0174.mp4,129,4311,41,cup,0.9733,643.4,454.7,1191.0,903.4,547.5,448.8
MOV_0174.mp4,130,4344,41,cup,0.9724,643.6,454.9,1191.0,903.3,547.4,448.4
MOV_0174.mp4,131,4377,41,cup,0.9739,643.3,454.9,1191.0,903.6,547.7,448.7
MOV_0174.mp4,132,4411,41,cup,0.9745,643.4,454.8,1190.9,903.8,547.5,449.0
MOV_0174.mp4,133,4444,41,cup,0.9748,643.2,455.0,1190.9,904.2,547.7,449.2
MOV_0174.mp4,134,4478,41,cup,0.975,643.1,455.0,1190.9,904.6,547.8,449.6
MOV_0174.mp4,135,4511,41,cup,0.9742,643.2,454.9,1190.9,904.1,547.7,449.2
MOV_0174.mp4,136,4544,41,cup,0.9742,643.1,454.9,1190.9,904.1,547.8,449.1
MOV_0174.mp4,137,4578,41,cup,0.974,643.2,454.8,1190.8,904.0,547.6,449.2
MOV_0174.mp4,138,4611,41,cup,0.975,643.0,454.8,1190.9,904.3,547.8,449.5
MOV_0174.mp4,139,4645,41,cup,0.9754,643.1,454.9,1190.9,903.9,547.8,449.0
MOV_0174.mp4,140,4678,41,cup,0.9744,643.2,454.9,1190.9,904.0,547.7,449.2
MOV_0174.mp4,141,4712,41,cup,0.9747,643.4,454.8,1190.8,904.0,547.4,449.2
MOV_0174.mp4,142,4745,41,cup,0.9746,643.3,454.8,1190.9,903.8,547.7,449.0
MOV_0174.mp4,143,4778,41,cup,0.9744,643.2,454.8,1191.2,903.9,548.0,449.1
MOV_0174.mp4,144,4812,41,cup,0.9743,643.3,454.8,1191.1,904.0,547.9,449.2
MOV_0174.mp4,145,4845,41,cup,0.9742,643.3,454.8,1191.1,903.9,547.8,449.1
MOV_0174.mp4,146,4879,41,cup,0.9741,643.2,454.7,1191.0,904.0,547.8,449.2
MOV_0174.mp4,147,4912,41,cup,0.9748,643.3,454.8,1191.1,904.1,547.9,449.3
MOV_0174.mp4,148,4946,41,cup,0.9749,643.2,454.8,1191.0,904.1,547.8,449.3
MOV_0174.mp4,149,4979,41,cup,0.9751,643.4,454.8,1191.1,903.8,547.7,449.0
MOV_0174.mp4,150,5012,41,cup,0.9739,643.4,454.8,1191.3,904.4,547.9,449.6
MOV_0174.mp4,151,5046,41,cup,0.975,643.4,454.8,1191.2,904.1,547.9,449.4
MOV_0174.mp4,152,5079,41,cup,0.9747,643.4,454.8,1191.2,904.1,547.8,449.3
MOV_0174.mp4,153,5113,41,cup,0.9746,643.5,454.8,1191.1,904.2,547.6,449.4
MOV_0174.mp4,154,5146,41,cup,0.9751,643.3,454.8,1191.3,904.2,548.0,449.4
MOV_0174.mp4,155,5179,41,cup,0.9745,643.4,454.9,1191.2,904.2,547.8,449.3
MOV_0174.mp4,156,5213,41,cup,0.9752,643.3,454.9,1191.1,904.2,547.8,449.4
MOV_0174.mp4,157,5246,41,cup,0.974,643.4,454.9,1191.1,903.7,547.7,448.8
MOV_0174.mp4,158,5280,41,cup,0.9746,643.4,454.8,1191.1,903.8,547.7,449.0
MOV_0174.mp4,159,5313,41,cup,0.9745,643.4,454.9,1191.2,903.8,547.8,448.9
MOV_0174.mp4,160,5347,41,cup,0.9753,643.3,454.7,1191.1,904.0,547.8,449.2
MOV_0174.mp4,161,5380,41,cup,0.9747,643.4,454.8,1190.9,903.9,547.4,449.2
MOV_0174.mp4,162,5413,41,cup,0.9751,643.4,454.8,1190.9,903.9,547.5,449.1
MOV_0174.mp4,163,5447,41,cup,0.9753,643.4,454.7,1190.9,903.8,547.5,449.1
MOV_0174.mp4,164,5480,41,cup,0.9749,643.4,454.8,1190.9,903.6,547.5,448.8
MOV_0174.mp4,165,5514,41,cup,0.975,643.3,454.7,1190.9,903.9,547.5,449.2
MOV_0174.mp4,166,5547,41,cup,0.9754,643.5,454.7,1191.0,903.9,547.6,449.3
MOV_0174.mp4,167,5580,41,cup,0.975,643.2,454.6,1190.9,903.9,547.7,449.4
MOV_0174.mp4,168,5614,41,cup,0.9759,643.4,454.6,1190.8,904.0,547.5,449.4
MOV_0174.mp4,169,5647,41,cup,0.9741,643.4,454.6,1190.8,904.0,547.4,449.4
MOV_0174.mp4,170,5681,41,cup,0.9733,643.3,454.7,1190.8,904.1,547.5,449.5
MOV_0174.mp4,171,5714,41,cup,0.9732,643.4,454.7,1190.9,904.2,547.5,449.5
MOV_0174.mp4,172,5748,41,cup,0.9738,643.4,454.7,1191.0,904.1,547.6,449.5
MOV_0174.mp4,173,5781,41,cup,0.9746,643.5,454.7,1191.0,903.9,547.5,449.2
MOV_0174.mp4,174,5814,41,cup,0.9744,643.6,454.7,1191.1,904.0,547.5,449.3
MOV_0174.mp4,175,5848,41,cup,0.9747,643.5,454.6,1191.0,904.1,547.5,449.5
MOV_0174.mp4,176,5881,41,cup,0.9753,643.5,454.7,1190.9,903.8,547.4,449.1
MOV_0174.mp4,177,5915,41,cup,0.9747,643.6,454.8,1190.9,903.6,547.3,448.8
MOV_0174.mp4,178,5948,41,cup,0.9733,643.5,454.7,1190.9,904.1,547.4,449.4
MOV_0174.mp4,179,5981,41,cup,0.9736,643.7,454.7,1190.8,903.7,547.1,449.0
MOV_0174.mp4,180,6015,41,cup,0.9743,643.3,455.0,1191.4,903.8,548.0,448.8
MOV_0174.mp4,181,6048,41,cup,0.9742,643.4,455.0,1191.3,903.8,548.0,448.9
MOV_0174.mp4,182,6082,41,cup,0.9734,643.4,455.0,1191.2,903.9,547.9,448.9
MOV_0174.mp4,183,6115,41,cup,0.9732,643.5,454.9,1191.1,903.5,547.7,448.6
MOV_0174.mp4,184,6149,41,cup,0.9744,643.4,454.9,1191.1,903.6,547.7,448.7
MOV_0174.mp4,185,6182,41,cup,0.9743,643.3,455.0,1191.3,903.5,547.9,448.5
MOV_0174.mp4,186,6215,41,cup,0.9749,643.3,455.0,1191.1,903.7,547.9,448.7
MOV_0174.mp4,187,6249,41,cup,0.9753,643.3,455.0,1191.1,903.5,547.8,448.4
MOV_0174.mp4,188,6282,41,cup,0.9746,643.2,455.0,1191.1,904.0,547.9,449.0
MOV_0174.mp4,189,6316,41,cup,0.9748,643.3,455.0,1191.0,903.4,547.7,448.5
MOV_0174.mp4,190,6349,41,cup,0.9733,643.2,454.9,1191.0,903.7,547.8,448.8
MOV_0174.mp4,191,6383,41,cup,0.9737,643.3,454.9,1191.0,904.1,547.7,449.2
MOV_0174.mp4,192,6416,41,cup,0.9731,643.3,455.0,1191.0,904.0,547.7,449.0
MOV_0174.mp4,193,6449,41,cup,0.9742,643.4,455.0,1191.1,903.8,547.7,448.8
MOV_0174.mp4,194,6483,41,cup,0.9731,643.4,455.0,1191.0,903.9,547.7,448.9
MOV_0174.mp4,195,6516,41,cup,0.9739,643.3,455.0,1191.0,904.3,547.7,449.3
MOV_0174.mp4,196,6550,41,cup,0.9748,643.3,455.0,1191.1,903.7,547.8,448.8
MOV_0174.mp4,197,6583,41,cup,0.9745,643.4,455.0,1191.0,903.8,547.6,448.8
MOV_0174.mp4,198,6616,41,cup,0.9744,643.5,454.9,1191.0,903.8,547.6,448.9
MOV_0174.mp4,199,6650,41,cup,0.9745,643.6,454.9,1191.1,903.8,547.6,448.9
MOV_0174.mp4,200,6683,41,cup,0.9739,643.4,454.8,1191.2,903.8,547.7,449.0
MOV_0174.mp4,201,6717,41,cup,0.9739,643.4,454.8,1191.2,904.0,547.8,449.2
MOV_0174.mp4,202,6750,41,cup,0.9735,643.3,454.9,1191.1,903.9,547.8,449.0
MOV_0174.mp4,203,6784,41,cup,0.9741,643.3,455.0,1191.1,903.8,547.8,448.8
MOV_0174.mp4,204,6817,41,cup,0.9735,643.3,455.0,1191.2,904.4,547.8,449.4
MOV_0174.mp4,205,6850,41,cup,0.9745,643.1,455.0,1191.1,904.8,548.0,449.9
MOV_0174.mp4,206,6884,41,cup,0.9753,643.0,454.9,1191.0,904.3,548.0,449.4
MOV_0174.mp4,207,6917,41,cup,0.9748,643.0,455.1,1190.9,904.2,547.9,449.1
MOV_0174.mp4,208,6951,41,cup,0.9754,643.1,455.2,1190.9,904.5,547.8,449.4
MOV_0174.mp4,209,6984,41,cup,0.9759,643.1,455.3,1190.9,905.3,547.9,449.9
MOV_0174.mp4,210,7017,41,cup,0.9745,643.0,455.5,1191.0,905.1,548.0,449.7
MOV_0174.mp4,211,7051,41,cup,0.9744,643.0,455.7,1191.0,905.7,548.0,450.1
MOV_0174.mp4,212,7084,41,cup,0.9755,642.9,455.7,1190.9,905.6,548.1,449.8
MOV_0174.mp4,213,7118,41,cup,0.9757,643.0,455.7,1190.9,905.6,547.9,449.9
MOV_0174.mp4,214,7151,41,cup,0.9756,643.0,455.6,1190.9,905.7,547.9,450.1
MOV_0174.mp4,215,7185,41,cup,0.9755,643.0,455.6,1190.8,905.4,547.9,449.8
MOV_0174.mp4,216,7218,41,cup,0.9749,643.1,455.2,1190.8,905.5,547.7,450.3
MOV_0174.mp4,217,7251,41,cup,0.9745,643.0,455.2,1190.8,905.3,547.8,450.2
MOV_0174.mp4,218,7285,41,cup,0.9745,643.2,455.2,1190.8,905.6,547.6,450.4
MOV_0174.mp4,219,7318,41,cup,0.9741,643.2,455.2,1190.7,905.0,547.5,449.7
MOV_0174.mp4,220,7352,41,cup,0.9745,643.0,455.4,1190.7,904.9,547.7,449.5
MOV_0174.mp4,221,7385,41,cup,0.9751,643.3,455.3,1190.6,904.9,547.3,449.6
MOV_0174.mp4,222,7419,41,cup,0.9749,643.4,455.1,1190.8,904.9,547.4,449.8
MOV_0174.mp4,223,7452,41,cup,0.9753,643.4,455.2,1190.8,904.7,547.3,449.5
MOV_0174.mp4,224,7485,41,cup,0.9737,643.6,453.8,1191.1,903.2,547.5,449.4
MOV_0174.mp4,225,7519,41,cup,0.9728,644.6,454.1,1192.8,904.3,548.2,450.2
MOV_0174.mp4,226,7552,41,cup,0.9729,645.9,452.1,1195.0,902.8,549.1,450.7
MOV_0174.mp4,227,7586,41,cup,0.976,643.6,453.9,1191.3,904.4,547.7,450.5
MOV_0174.mp4,228,7619,41,cup,0.9757,643.9,454.0,1191.3,903.0,547.5,449.0
MOV_0174.mp4,229,7652,41,cup,0.9745,644.9,454.0,1192.5,903.5,547.6,449.5
MOV_0174.mp4,230,7686,41,cup,0.9759,642.8,454.8,1191.0,906.0,548.2,451.2
MOV_0174.mp4,231,7719,41,cup,0.976,644.3,453.0,1191.7,902.7,547.5,449.7
MOV_0174.mp4,232,7753,41,cup,0.9749,644.7,453.0,1192.2,902.7,547.5,449.6
MOV_0174.mp4,233,7786,41,cup,0.6744,755.9,442.4,1119.7,737.3,363.8,294.9
MOV_0174.mp4,234,7820,41,cup,0.7152,755.9,442.6,1120.1,737.2,364.2,294.6
MOV_0174.mp4,235,7853,41,cup,0.6473,756.5,443.1,1119.8,738.0,363.3,294.9
MOV_0174.mp4,236,7886,41,cup,0.6752,756.1,442.6,1119.5,737.6,363.4,295.1
MOV_0174.mp4,237,7920,41,cup,0.7283,756.1,442.4,1120.1,737.0,364.0,294.6
MOV_0174.mp4,238,7953,41,cup,0.739,756.2,443.2,1120.2,737.3,364.0,294.1
MOV_0174.mp4,239,7987,41,cup,0.7087,756.1,442.6,1119.4,737.4,363.3,294.9
MOV_0174.mp4,240,8020,41,cup,0.6823,756.0,442.3,1119.6,737.3,363.5,295.0
MOV_0174.mp4,241,8053,41,cup,0.6751,756.0,443.0,1119.7,737.8,363.7,294.8
MOV_0174.mp4,242,8087,41,cup,0.6221,755.7,442.2,1119.6,737.6,363.9,295.5
MOV_0174.mp4,243,8120,41,cup,0.6193,756.0,442.5,1119.6,737.5,363.5,295.0
MOV_0174.mp4,244,8154,41,cup,0.6027,755.8,443.1,1119.4,737.9,363.6,294.8
MOV_0174.mp4,245,8187,41,cup,0.6373,755.7,443.2,1119.1,738.0,363.4,294.8
MOV_0174.mp4,246,8221,41,cup,0.6818,756.0,442.9,1119.3,738.0,363.3,295.1
MOV_0174.mp4,247,8254,41,cup,0.6893,755.9,443.6,1119.9,737.5,364.0,294.0
MOV_0174.mp4,248,8287,41,cup,0.6713,755.9,443.5,1119.6,737.3,363.7,293.8
MOV_0174.mp4,249,8321,41,cup,0.6992,755.6,443.6,1119.6,737.2,364.0,293.6
MOV_0174.mp4,250,8354,41,cup,0.7616,755.6,443.7,1120.1,737.8,364.5,294.2
MOV_0174.mp4,251,8388,41,cup,0.7013,755.6,443.5,1119.9,737.8,364.4,294.3
MOV_0174.mp4,252,8421,41,cup,0.7468,756.0,443.5,1119.8,737.4,363.8,294.0
MOV_0174.mp4,253,8455,41,cup,0.7237,755.7,443.7,1119.9,737.7,364.2,294.0
MOV_0174.mp4,254,8488,41,cup,0.721,755.8,443.6,1119.6,737.4,363.8,293.8
MOV_0174.mp4,255,8521,41,cup,0.6682,755.9,443.5,1119.5,737.2,363.6,293.7
MOV_0174.mp4,256,8555,41,cup,0.6745,755.9,443.6,1119.7,737.4,363.8,293.8
MOV_0174.mp4,257,8588,41,cup,0.7064,755.9,443.3,1119.7,737.1,363.8,293.8
MOV_0174.mp4,258,8622,41,cup,0.6645,756.0,442.7,1119.1,737.5,363.1,294.8
MOV_0174.mp4,259,8655,41,cup,0.6763,756.3,443.0,1119.4,737.4,363.1,294.4
MOV_0174.mp4,260,8688,41,cup,0.6756,756.4,442.5,1119.5,737.4,363.1,294.9
MOV_0174.mp4,261,8722,41,cup,0.6897,756.5,442.3,1119.4,737.3,363.0,295.1
MOV_0174.mp4,262,8755,41,cup,0.6552,756.3,442.6,1119.6,737.3,363.3,294.7
MOV_0174.mp4,263,8789,41,cup,0.5781,755.9,442.5,1120.1,737.5,364.3,295.0
MOV_0174.mp4,264,8822,41,cup,0.6581,756.1,442.5,1120.0,737.3,363.8,294.8
MOV_0174.mp4,265,8856,41,cup,0.637,756.3,442.6,1120.0,737.3,363.7,294.7
MOV_0174.mp4,266,8889,41,cup,0.5835,756.1,442.3,1120.0,737.3,363.9,295.0
MOV_0174.mp4,267,8922,41,cup,0.6478,756.1,442.0,1120.1,737.3,364.0,295.3
MOV_0174.mp4,268,8956,41,cup,0.6568,756.2,442.0,1120.1,737.3,363.9,295.2
MOV_0174.mp4,269,8989,41,cup,0.6196,756.1,442.0,1120.2,737.3,364.1,295.3
MOV_0174.mp4,270,9023,41,cup,0.6732,756.3,442.1,1120.2,737.1,363.9,295.0
MOV_0174.mp4,271,9056,41,cup,0.5875,756.4,442.0,1120.3,737.5,363.9,295.4
MOV_0174.mp4,272,9089,41,cup,0.5637,756.2,442.0,1120.5,737.4,364.2,295.3
MOV_0174.mp4,273,9123,41,cup,0.6166,756.1,442.0,1120.5,737.5,364.4,295.5
MOV_0174.mp4,274,9156,41,cup,0.6805,756.3,442.5,1120.3,737.7,364.0,295.2
MOV_0174.mp4,275,9190,41,cup,0.6321,756.3,442.4,1120.4,737.6,364.1,295.2
MOV_0174.mp4,276,9223,41,cup,0.6052,756.3,442.3,1120.4,737.3,364.1,295.0
MOV_0174.mp4,277,9257,41,cup,0.6831,756.1,442.6,1120.2,737.5,364.1,294.9
MOV_0174.mp4,278,9290,41,cup,0.7032,756.1,442.5,1120.3,737.7,364.2,295.2
MOV_0174.mp4,279,9323,41,cup,0.6207,756.1,442.4,1120.6,737.4,364.5,295.0
MOV_0174.mp4,280,9357,41,cup,0.6146,755.9,442.4,1120.3,737.3,364.5,294.8
MOV_0174.mp4,281,9390,41,cup,0.6289,756.1,442.5,1120.6,737.3,364.4,294.8
MOV_0174.mp4,282,9424,41,cup,0.6041,756.0,442.2,1120.3,737.0,364.3,294.8
MOV_0174.mp4,283,9457,41,cup,0.5976,756.1,442.7,1120.4,737.2,364.3,294.6
MOV_0174.mp4,284,9490,41,cup,0.6181,756.1,442.7,1120.5,737.2,364.4,294.6
MOV_0174.mp4,285,9524,41,cup,0.6198,756.0,442.4,1120.3,737.3,364.3,295.0
MOV_0174.mp4,286,9557,41,cup,0.5654,755.8,442.4,1120.5,737.4,364.7,295.0
MOV_0174.mp4,287,9591,41,cup,0.4762,755.8,442.4,1120.6,737.4,364.9,295.0
MOV_0174.mp4,288,9624,41,cup,0.4491,756.0,442.3,1120.2,737.4,364.2,295.1
MOV_0174.mp4,289,9658,41,cup,0.5361,756.1,442.7,1120.3,737.3,364.2,294.6
MOV_0174.mp4,290,9691,41,cup,0.4872,755.9,442.5,1120.4,737.4,364.5,294.9
MOV_0174.mp4,291,9724,41,cup,0.5381,755.8,442.4,1120.4,737.3,364.6,294.9
MOV_0174.mp4,292,9758,41,cup,0.5135,755.9,442.5,1120.3,737.3,364.4,294.8
MOV_0174.mp4,293,9791,41,cup,0.6436,755.8,443.1,1119.7,737.2,363.9,294.1
MOV_0174.mp4,294,9825,41,cup,0.6422,755.8,443.1,1119.6,737.4,363.8,294.3
MOV_0174.mp4,295,9858,41,cup,0.5898,755.7,443.0,1119.7,737.1,364.0,294.1
MOV_0174.mp4,296,9892,41,cup,0.5787,755.9,443.0,1119.5,737.3,363.6,294.4
MOV_0174.mp4,297,9925,41,cup,0.569,755.8,442.6,1119.6,737.4,363.7,294.8
MOV_0174.mp4,298,9958,41,cup,0.6076,755.8,443.0,1119.5,737.4,363.7,294.3
MOV_0174.mp4,299,9992,41,cup,0.5749,756.1,443.0,1119.5,737.4,363.5,294.4
MOV_0174.mp4,300,10025,41,cup,0.5064,755.8,443.0,1119.7,737.4,363.9,294.5
MOV_0174.mp4,301,10059,41,cup,0.4571,756.0,443.0,1120.1,737.0,364.1,294.0
MOV_0174.mp4,302,10092,41,cup,0.4811,756.0,443.2,1120.0,737.2,364.0,294.0
MOV_0174.mp4,303,10125,41,cup,0.5744,756.1,443.3,1119.8,737.1,363.7,293.7
MOV_0174.mp4,304,10159,41,cup,0.6154,756.0,443.4,1119.9,737.2,364.0,293.8
MOV_0174.mp4,305,10192,41,cup,0.6438,756.0,443.6,1119.8,737.2,363.8,293.7
MOV_0174.mp4,306,10226,41,cup,0.6558,755.8,443.7,1119.6,737.2,363.8,293.5
MOV_0174.mp4,307,10259,41,cup,0.6476,755.7,443.6,1119.4,737.2,363.7,293.6
MOV_0174.mp4,308,10293,41,cup,0.6206,755.6,443.4,1119.4,737.1,363.8,293.7
MOV_0174.mp4,309,10326,41,cup,0.6194,755.6,443.5,1119.4,737.3,363.7,293.9
MOV_0174.mp4,310,10359,41,cup,0.6499,755.6,443.6,1119.3,737.5,363.7,293.8
MOV_0174.mp4,311,10393,41,cup,0.6769,755.5,443.6,1119.4,737.3,363.8,293.7
MOV_0174.mp4,312,10426,41,cup,0.6993,755.5,443.5,1119.2,737.1,363.7,293.6
MOV_0174.mp4,313,10460,41,cup,0.6636,755.6,443.1,1119.7,737.1,364.1,294.0
MOV_0174.mp4,314,10493,41,cup,0.5918,755.8,442.9,1119.8,737.2,364.0,294.2
MOV_0174.mp4,315,10526,41,cup,0.6026,755.8,442.9,1120.1,737.0,364.3,294.1
MOV_0174.mp4,316,10560,41,cup,0.6122,756.0,442.7,1119.8,737.3,363.8,294.6
MOV_0174.mp4,317,10593,41,cup,0.6212,756.0,442.5,1119.7,737.3,363.7,294.8
MOV_0174.mp4,318,10627,41,cup,0.6476,756.1,442.5,1119.7,737.2,363.6,294.7
MOV_0174.mp4,319,10660,41,cup,0.5901,756.1,442.7,1119.8,737.3,363.7,294.6
MOV_0174.mp4,320,10694,41,cup,0.5894,756.2,442.5,1119.7,737.2,363.5,294.7
MOV_0174.mp4,321,10727,41,cup,0.597,756.2,442.4,1119.7,737.2,363.5,294.8
MOV_0174.mp4,322,10760,41,cup,0.6082,756.3,442.6,1119.5,737.1,363.2,294.5
MOV_0174.mp4,323,10794,41,cup,0.5909,756.4,442.6,1120.0,737.5,363.5,294.9
MOV_0174.mp4,324,10827,41,cup,0.6039,756.3,442.6,1119.9,737.5,363.5,294.9
MOV_0174.mp4,325,10861,41,cup,0.6102,756.4,442.6,1119.7,737.4,363.4,294.7
MOV_0174.mp4,326,10894,41,cup,0.6131,756.3,442.6,1119.8,737.4,363.6,294.8
MOV_0174.mp4,327,10928,41,cup,0.5814,756.1,442.6,1120.1,737.6,364.0,294.9
MOV_0174.mp4,328,10961,41,cup,0.5676,756.2,442.7,1120.1,737.5,363.9,294.8
MOV_0174.mp4,329,10994,41,cup,0.5403,756.2,442.7,1120.1,737.6,363.9,295.0
MOV_0174.mp4,330,11028,41,cup,0.6016,756.3,442.6,1120.1,737.5,363.8,294.9
MOV_0174.mp4,331,11061,41,cup,0.6132,756.2,442.7,1119.9,737.6,363.8,294.9
MOV_0174.mp4,332,11095,41,cup,0.6075,756.2,442.7,1119.9,737.6,363.7,294.8
MOV_0174.mp4,333,11128,41,cup,0.5686,756.3,442.7,1119.9,737.5,363.6,294.8
MOV_0174.mp4,334,11161,41,cup,0.5817,756.0,442.7,1119.8,737.5,363.8,294.7
MOV_0174.mp4,335,11195,41,cup,0.5732,756.1,442.8,1120.2,737.7,364.1,294.9
MOV_0174.mp4,336,11228,41,cup,0.5661,756.0,442.8,1120.3,737.6,364.4,294.8
MOV_0174.mp4,337,11262,41,cup,0.5282,755.9,442.9,1120.2,737.6,364.3,294.7
MOV_0174.mp4,338,11295,41,cup,0.5802,756.0,442.9,1120.1,737.3,364.1,294.3
MOV_0174.mp4,339,11329,41,cup,0.5923,755.8,442.8,1120.2,737.5,364.4,294.7
MOV_0174.mp4,340,11362,41,cup,0.5757,755.9,442.9,1120.5,737.1,364.6,294.2
MOV_0174.mp4,341,11395,41,cup,0.6481,755.7,443.0,1119.9,737.5,364.2,294.6
MOV_0174.mp4,342,11429,41,cup,0.6594,755.7,443.1,1119.8,737.5,364.1,294.4
MOV_0174.mp4,343,11462,41,cup,0.7067,755.7,443.4,1119.5,737.7,363.8,294.2
MOV_0174.mp4,344,11496,41,cup,0.6965,755.6,443.6,1119.7,737.0,364.1,293.5
MOV_0174.mp4,345,11529,41,cup,0.7012,755.7,443.6,1119.6,737.1,364.0,293.5
MOV_0174.mp4,346,11562,41,cup,0.7326,755.5,443.5,1119.6,737.1,364.1,293.6
MOV_0174.mp4,347,11596,41,cup,0.7052,755.7,443.6,1119.5,737.3,363.8,293.8
MOV_0174.mp4,348,11629,41,cup,0.7513,755.5,443.7,1119.5,737.4,364.0,293.7
MOV_0174.mp4,349,11663,41,cup,0.6858,755.5,443.6,1119.4,737.3,363.9,293.6
MOV_0174.mp4,350,11696,41,cup,0.6266,755.4,443.7,1119.4,737.2,363.9,293.5
MOV_0174.mp4,351,11730,41,cup,0.6825,755.5,443.6,1119.5,737.4,364.0,293.8
MOV_0174.mp4,352,11763,41,cup,0.6314,755.5,443.6,1119.3,737.4,363.9,293.8
MOV_0174.mp4,353,11796,41,cup,0.647,755.5,443.6,1119.2,737.2,363.7,293.7
MOV_0174.mp4,354,11830,41,cup,0.6206,755.7,443.5,1119.1,737.5,363.4,294.0
MOV_0174.mp4,355,11863,41,cup,0.5917,755.7,443.3,1118.6,737.9,362.9,294.6
MOV_0174.mp4,356,11897,41,cup,0.63,755.8,443.2,1118.7,737.9,363.0,294.7
MOV_0174.mp4,357,11930,41,cup,0.6692,755.8,443.5,1119.5,737.7,363.7,294.2
MOV_0174.mp4,358,11963,41,cup,0.663,755.8,443.5,1119.4,737.6,363.6,294.0
MOV_0174.mp4,359,11997,41,cup,0.5936,755.8,443.3,1119.0,738.1,363.2,294.9
MOV_0174.mp4,360,12030,41,cup,0.6213,755.9,443.4,1119.0,738.6,363.1,295.2
MOV_0174.mp4,361,12064,41,cup,0.6643,755.9,443.6,1119.6,738.1,363.7,294.5
MOV_0174.mp4,362,12097,41,cup,0.7483,755.9,443.9,1119.6,737.9,363.6,294.0
MOV_0174.mp4,363,12131,41,cup,0.6181,756.0,443.6,1119.7,737.6,363.6,294.1
MOV_0174.mp4,364,12164,41,cup,0.6412,756.0,443.0,1120.1,737.2,364.0,294.2
MOV_0174.mp4,365,12197,41,cup,0.6592,755.9,443.1,1120.0,737.2,364.1,294.1
MOV_0174.mp4,366,12231,41,cup,0.6726,756.1,443.2,1120.0,737.1,363.9,293.9
MOV_0174.mp4,367,12264,41,cup,0.6051,756.2,443.1,1120.2,737.1,364.0,294.0
MOV_0174.mp4,368,12298,41,cup,0.6011,755.9,443.0,1119.6,737.6,363.7,294.6
MOV_0174.mp4,369,12331,41,cup,0.6102,756.1,442.9,1119.7,737.5,363.6,294.6
MOV_0174.mp4,370,12365,41,cup,0.541,755.9,442.9,1119.6,737.4,363.7,294.5
MOV_0174.mp4,371,12398,41,cup,0.5954,755.9,442.9,1119.4,737.3,363.5,294.4
MOV_0174.mp4,372,12431,41,cup,0.6223,755.8,443.0,1119.4,737.5,363.6,294.5
MOV_0174.mp4,373,12465,41,cup,0.6371,755.9,442.9,1119.3,737.5,363.3,294.6
MOV_0174.mp4,374,12498,41,cup,0.5587,756.1,442.9,1119.4,737.8,363.4,294.9
MOV_0174.mp4,375,12532,41,cup,0.5813,756.0,442.7,1119.4,737.6,363.4,294.9
MOV_0174.mp4,376,12565,41,cup,0.6202,755.9,442.8,1119.3,737.6,363.4,294.8
MOV_0174.mp4,377,12598,41,cup,0.6506,756.0,442.9,1119.3,737.6,363.3,294.6
MOV_0174.mp4,378,12632,41,cup,0.6462,755.8,443.0,1119.2,737.4,363.4,294.3
MOV_0174.mp4,379,12665,41,cup,0.6986,756.0,443.0,1119.1,737.6,363.1,294.6
MOV_0174.mp4,380,12699,41,cup,0.7074,756.0,443.2,1119.2,737.7,363.2,294.5
MOV_0174.mp4,381,12732,41,cup,0.6809,755.9,443.2,1119.2,737.4,363.3,294.2
MOV_0174.mp4,382,12766,41,cup,0.5576,755.9,443.0,1119.5,737.6,363.6,294.6
MOV_0174.mp4,383,12799,41,cup,0.6915,755.8,443.1,1119.4,737.6,363.6,294.5
MOV_0174.mp4,384,12832,41,cup,0.6806,755.7,443.1,1119.4,737.4,363.7,294.3
MOV_0174.mp4,385,12866,41,cup,0.6452,755.7,443.1,1119.4,737.4,363.7,294.3
MOV_0174.mp4,386,12899,41,cup,0.6633,755.7,443.0,1120.0,736.9,364.4,293.9
MOV_0174.mp4,387,12933,41,cup,0.5924,755.7,443.1,1119.6,737.3,363.9,294.3
MOV_0174.mp4,388,12966,41,cup,0.6012,755.8,443.1,1120.0,737.3,364.1,294.2
MOV_0174.mp4,389,12999,41,cup,0.6226,755.9,442.9,1119.9,737.5,364.0,294.5
MOV_0174.mp4,390,13033,41,cup,0.6262,755.9,442.3,1119.7,737.4,363.8,295.0
MOV_0174.mp4,391,13066,41,cup,0.6034,755.7,442.5,1119.9,737.5,364.2,295.0
MOV_0174.mp4,392,13100,41,cup,0.6066,755.7,442.6,1120.0,737.3,364.3,294.7
MOV_0174.mp4,393,13133,41,cup,0.6237,755.8,442.6,1119.9,737.2,364.2,294.6
MOV_0174.mp4,394,13167,41,cup,0.6282,755.9,442.9,1119.8,737.4,363.9,294.5
MOV_0174.mp4,395,13200,41,cup,0.6651,755.8,442.9,1119.7,737.3,363.9,294.5
MOV_0174.mp4,396,13233,41,cup,0.6452,755.9,442.8,1119.6,737.5,363.8,294.6
MOV_0174.mp4,397,13267,41,cup,0.643,755.9,443.0,1119.7,737.4,363.8,294.4
MOV_0174.mp4,398,13300,41,cup,0.6241,755.7,443.0,1119.7,737.4,364.0,294.5
MOV_0174.mp4,399,13334,41,cup,0.5941,755.7,443.0,1119.5,737.5,363.9,294.5
MOV_0174.mp4,400,13367,41,cup,0.6039,755.6,442.9,1119.6,737.6,364.0,294.7
MOV_0174.mp4,401,13401,41,cup,0.6307,755.8,442.9,1119.5,737.4,363.6,294.5
MOV_0174.mp4,402,13434,41,cup,0.6459,755.9,442.9,1119.2,737.4,363.3,294.4
MOV_0174.mp4,403,13467,41,cup,0.5954,756.0,443.1,1119.4,737.4,363.5,294.3
MOV_0174.mp4,404,13501,41,cup,0.6212,756.0,443.0,1119.3,737.4,363.3,294.4
MOV_0174.mp4,405,13534,41,cup,0.6835,756.0,443.3,1119.1,737.7,363.1,294.4
MOV_0174.mp4,406,13568,41,cup,0.6993,755.6,443.5,1119.8,737.2,364.1,293.7
MOV_0174.mp4,407,13601,41,cup,0.6787,755.7,443.5,1119.9,737.3,364.2,293.8
MOV_0174.mp4,408,13634,41,cup,0.6291,755.9,443.3,1119.1,737.6,363.2,294.3
MOV_0174.mp4,409,13668,41,cup,0.5052,756.0,443.3,1119.8,737.2,363.8,293.9
MOV_0174.mp4,410,13701,41,cup,0.6251,755.9,443.3,1119.1,737.5,363.2,294.2
MOV_0174.mp4,411,13735,41,cup,0.6337,755.9,443.3,1119.0,737.5,363.1,294.2
MOV_0174.mp4,412,13768,41,cup,0.6485,755.8,443.3,1119.1,737.5,363.3,294.3
MOV_0174.mp4,413,13802,41,cup,0.6384,755.7,443.5,1119.6,737.4,363.9,294.0
MOV_0174.mp4,414,13835,41,cup,0.6547,755.9,443.3,1119.8,737.4,363.9,294.1
MOV_0174.mp4,415,13868,41,cup,0.6135,755.7,443.2,1119.9,737.5,364.2,294.3
MOV_0174.mp4,416,13902,41,cup,0.5823,756.0,443.1,1119.8,737.4,363.7,294.3
MOV_0174.mp4,417,13935,41,cup,0.6266,756.0,443.1,1119.5,737.4,363.6,294.3
MOV_0174.mp4,418,13969,41,cup,0.6006,756.0,442.8,1119.4,737.3,363.4,294.5
MOV_0174.mp4,419,14002,41,cup,0.6937,756.1,443.0,1119.5,737.5,363.4,294.5
MOV_0174.mp4,420,14035,41,cup,0.6301,755.9,442.8,1119.8,737.6,363.9,294.8
MOV_0174.mp4,421,14069,41,cup,0.6173,755.9,442.8,1119.9,737.4,364.0,294.6
MOV_0174.mp4,422,14102,41,cup,0.6527,756.0,442.9,1119.8,737.5,363.8,294.6
MOV_0174.mp4,423,14136,41,cup,0.6867,756.1,443.0,1119.8,737.3,363.7,294.4
MOV_0174.mp4,424,14169,41,cup,0.7225,756.2,443.3,1119.5,737.2,363.3,293.9
MOV_0174.mp4,425,14203,41,cup,0.6189,756.0,442.9,1119.6,737.3,363.6,294.3
MOV_0174.mp4,426,14236,41,cup,0.6618,756.1,443.1,1119.5,737.3,363.4,294.2
MOV_0174.mp4,427,14269,41,cup,0.57,756.1,443.0,1119.7,737.2,363.6,294.2
MOV_0174.mp4,428,14303,41,cup,0.6202,755.9,443.0,1119.6,737.2,363.7,294.2
MOV_0174.mp4,429,14336,41,cup,0.6398,756.1,443.2,1119.5,737.3,363.4,294.1
MOV_0174.mp4,430,14370,41,cup,0.6676,756.2,443.0,1119.5,737.4,363.4,294.4
MOV_0174.mp4,431,14403,41,cup,0.6215,756.0,443.1,1119.9,736.9,363.9,293.8
MOV_0174.mp4,432,14436,41,cup,0.6151,755.9,442.8,1119.4,737.3,363.5,294.4
MOV_0174.mp4,433,14470,41,cup,0.6402,755.7,442.9,1119.3,737.3,363.6,294.4
MOV_0174.mp4,434,14503,41,cup,0.6318,755.5,443.2,1119.9,737.1,364.4,293.9
MOV_0174.mp4,435,14537,41,cup,0.6582,755.6,443.3,1119.8,737.1,364.2,293.8
MOV_0174.mp4,436,14570,41,cup,0.716,755.5,443.5,1119.9,737.0,364.3,293.5
MOV_0174.mp4,437,14604,41,cup,0.7052,755.7,443.5,1119.7,737.0,364.0,293.5
MOV_0174.mp4,438,14637,41,cup,0.6553,755.6,443.5,1119.8,736.8,364.2,293.2
MOV_0174.mp4,439,14670,41,cup,0.6585,755.7,443.5,1119.6,736.9,363.9,293.4
MOV_0174.mp4,440,14704,41,cup,0.6584,755.7,443.4,1119.0,737.4,363.3,294.0
MOV_0174.mp4,441,14737,41,cup,0.6751,756.0,443.5,1119.6,737.0,363.6,293.6
MOV_0174.mp4,442,14771,41,cup,0.6663,755.9,443.5,1119.0,737.6,363.1,294.1
MOV_0174.mp4,443,14804,41,cup,0.6738,755.7,443.9,1119.5,737.4,363.8,293.5
MOV_0174.mp4,444,14838,41,cup,0.7176,755.5,443.8,1119.5,737.5,364.0,293.7
MOV_0174.mp4,445,14871,41,cup,0.7418,755.9,443.6,1119.6,737.2,363.7,293.6
MOV_0174.mp4,446,14904,41,cup,0.6984,755.8,443.5,1119.6,737.2,363.8,293.7
MOV_0174.mp4,447,14938,41,cup,0.6753,755.5,443.6,1119.8,737.0,364.3,293.4
MOV_0174.mp4,448,14971,41,cup,0.6358,755.7,443.5,1119.8,737.3,364.2,293.8
MOV_0174.mp4,449,15005,41,cup,0.5976,755.7,443.3,1119.7,737.3,364.0,294.0
MOV_0174.mp4,450,15038,41,cup,0.6653,755.8,443.4,1119.5,737.2,363.7,293.8
MOV_0174.mp4,451,15071,41,cup,0.685,755.8,443.2,1119.5,737.3,363.8,294.0
MOV_0174.mp4,452,15105,41,cup,0.6972,755.7,443.3,1119.5,737.1,363.8,293.9
MOV_0174.mp4,453,15138,41,cup,0.6584,755.7,443.2,1119.9,737.1,364.2,293.9
MOV_0174.mp4,454,15172,41,cup,0.6057,755.5,443.0,1119.8,737.0,364.3,294.0
MOV_0174.mp4,455,15205,41,cup,0.6189,755.7,442.9,1120.0,736.9,364.3,294.1
MOV_0174.mp4,456,15239,41,cup,0.5547,755.7,442.7,1119.8,737.4,364.1,294.7
MOV_0174.mp4,457,15272,41,cup,0.5465,755.6,442.7,1120.3,737.1,364.6,294.3
MOV_0174.mp4,458,15305,41,cup,0.5639,755.9,442.8,1120.0,737.4,364.1,294.6
MOV_0174.mp4,459,15339,41,cup,0.6403,756.0,442.6,1120.0,737.4,364.0,294.8
MOV_0174.mp4,460,15372,41,cup,0.5634,756.0,442.5,1120.1,737.5,364.0,295.0
MOV_0174.mp4,461,15406,41,cup,0.6043,755.9,442.5,1119.9,737.4,363.9,294.9
MOV_0174.mp4,462,15439,41,cup,0.6067,756.1,442.6,1120.0,737.5,363.9,294.9
MOV_0174.mp4,463,15472,41,cup,0.6452,756.1,442.4,1120.0,737.5,363.8,295.1
MOV_0174.mp4,464,15506,41,cup,0.6386,756.1,442.3,1120.1,737.4,364.0,295.1
MOV_0174.mp4,465,15539,41,cup,0.6286,756.0,442.4,1120.0,737.5,364.0,295.1
MOV_0174.mp4,466,15573,41,cup,0.6328,756.0,442.3,1119.9,737.5,363.9,295.1
MOV_0174.mp4,467,15606,41,cup,0.6129,755.9,442.3,1120.2,737.5,364.3,295.2
MOV_0174.mp4,468,15640,41,cup,0.6081,755.7,442.3,1120.4,737.6,364.6,295.3
MOV_0174.mp4,469,15673,41,cup,0.5614,755.7,442.5,1120.0,737.4,364.2,294.9
MOV_0174.mp4,470,15706,41,cup,0.5338,755.7,442.3,1120.2,737.4,364.5,295.1
MOV_0174.mp4,471,15740,41,cup,0.5255,755.8,442.4,1120.7,737.2,364.8,294.7
MOV_0174.mp4,472,15773,41,cup,0.5614,755.8,442.4,1120.3,737.6,364.5,295.2
MOV_0174.mp4,473,15807,41,cup,0.6912,756.1,442.6,1120.0,737.5,363.8,294.9
MOV_0174.mp4,474,15840,41,cup,0.7169,756.1,442.7,1120.0,737.8,363.9,295.0
MOV_0174.mp4,475,15874,41,cup,0.6556,756.3,442.7,1120.1,737.6,363.8,295.0
MOV_0174.mp4,476,15907,41,cup,0.6875,756.1,443.0,1120.0,737.6,363.9,294.6
MOV_0174.mp4,477,15940,41,cup,0.6816,756.1,442.9,1120.0,737.6,363.9,294.7
MOV_0174.mp4,478,15974,41,cup,0.6994,755.8,442.4,1120.4,737.5,364.6,295.1
MOV_0174.mp4,479,16007,41,cup,0.6615,755.5,442.5,1119.3,737.1,363.9,294.6
MOV_0174.mp4,480,16041,41,cup,0.6113,756.2,443.2,1120.1,737.7,363.9,294.5
MOV_0174.mp4,481,16074,41,cup,0.6656,756.2,442.7,1120.0,737.5,363.8,294.7
MOV_0174.mp4,482,16107,41,cup,0.6636,756.1,442.5,1119.6,737.4,363.5,294.9
MOV_0174.mp4,483,16141,41,cup,0.6174,756.6,443.2,1119.8,737.7,363.2,294.5
MOV_0174.mp4,484,16174,41,cup,0.6495,756.0,442.8,1119.8,737.5,363.9,294.8
MOV_0174.mp4,485,16208,41,cup,0.7182,755.8,442.5,1119.7,737.4,363.9,295.0
MOV_0174.mp4,486,16241,41,cup,0.6828,755.9,443.1,1120.0,738.2,364.1,295.1
MOV_0174.mp4,487,16275,41,cup,0.3934,821.0,435.7,1065.0,633.0,244.0,197.2
MOV_0174.mp4,488,16308,41,cup,0.3025,821.1,435.5,1064.9,632.7,243.8,197.1
MOV_0174.mp4,489,16341,41,cup,0.3614,821.0,436.6,1065.1,634.2,244.1,197.6
MOV_0174.mp4,490,16375,41,cup,0.3491,820.7,435.9,1065.1,632.9,244.4,197.1
MOV_0174.mp4,491,16408,41,cup,0.3161,820.9,435.2,1064.7,632.7,243.9,197.5
MOV_0174.mp4,492,16442,41,cup,0.4917,821.2,436.1,1065.4,633.3,244.2,197.2
MOV_0174.mp4,493,16475,41,cup,0.4423,821.3,435.4,1065.6,632.9,244.3,197.5
MOV_0174.mp4,494,16508,41,cup,0.3084,821.1,434.4,1065.2,633.0,244.1,198.5
MOV_0174.mp4,495,16542,41,cup,0.2557,821.3,434.8,1065.6,632.7,244.3,197.9
MOV_0174.mp4,496,16575,41,cup,0.3074,821.4,434.8,1065.4,632.4,244.0,197.6
MOV_0174.mp4,497,16609,41,cup,0.266,821.4,434.5,1065.5,632.7,244.1,198.2
MOV_0174.mp4,498,16642,41,cup,0.2661,821.3,434.3,1065.5,632.8,244.2,198.5
MOV_0174.mp4,499,16676,41,cup,0.3046,821.2,434.6,1065.4,632.7,244.2,198.1
MOV_0174.mp4,500,16709,41,cup,0.2948,821.7,434.5,1065.7,632.6,243.9,198.2
MOV_0174.mp4,501,16742,41,cup,0.3251,821.5,435.0,1065.9,633.0,244.4,198.0
MOV_0174.mp4,502,16776,41,cup,0.3537,821.8,435.3,1065.7,632.9,243.8,197.6
MOV_0174.mp4,503,16809,41,cup,0.3242,821.7,434.6,1065.4,632.7,243.8,198.2
MOV_0174.mp4,504,16843,41,cup,0.3592,821.7,435.1,1065.8,633.2,244.1,198.1
MOV_0174.mp4,505,16876,41,cup,0.338,821.6,435.2,1065.9,633.0,244.2,197.8
MOV_0174.mp4,506,16910,41,cup,0.3227,821.7,434.5,1065.7,632.8,243.9,198.3
MOV_0174.mp4,507,16943,41,cup,0.3155,821.7,434.7,1065.6,632.8,243.8,198.1
MOV_0174.mp4,508,16976,41,cup,0.3894,821.8,435.5,1065.9,632.6,244.1,197.1
MOV_0174.mp4,509,17010,41,cup,0.4004,822.0,435.3,1065.8,633.0,243.7,197.7
MOV_0174.mp4,510,17043,41,cup,0.3775,821.8,435.1,1066.0,633.2,244.2,198.1
MOV_0174.mp4,511,17077,41,cup,0.2799,821.9,435.0,1066.0,633.3,244.1,198.3
MOV_0174.mp4,512,17110,41,cup,0.3288,822.1,434.9,1065.6,632.8,243.5,197.9
MOV_0174.mp4,513,17143,41,cup,0.2718,822.1,434.5,1065.9,632.8,243.8,198.3
MOV_0174.mp4,514,17177,41,cup,0.2649,821.7,434.6,1066.1,634.8,244.4,200.2
MOV_0174.mp4,515,17210,41,cup,0.3136,822.1,435.4,1066.0,633.7,244.0,198.3
MOV_0174.mp4,516,17244,41,cup,0.2403,821.8,434.5,1065.4,633.1,243.5,198.7
MOV_0174.mp4,517,17277,41,cup,0.3545,821.9,434.7,1065.7,632.0,243.8,197.3
MOV_0174.mp4,518,17311,41,cup,0.3322,821.8,435.0,1065.7,632.1,243.8,197.1
MOV_0174.mp4,519,17344,41,cup,0.3088,821.9,435.1,1066.2,632.1,244.3,197.0
MOV_0174.mp4,520,17377,41,cup,0.3468,822.0,435.2,1066.0,631.8,244.0,196.6
MOV_0174.mp4,521,17411,41,cup,0.411,822.0,435.7,1065.7,631.8,243.7,196.1
MOV_0174.mp4,522,17444,41,cup,0.4348,822.1,435.6,1065.6,631.8,243.5,196.2
MOV_0174.mp4,523,17478,41,cup,0.3287,822.2,435.3,1065.8,631.8,243.6,196.6
MOV_0174.mp4,524,17511,41,cup,0.2586,822.0,435.7,1065.6,632.2,243.6,196.5
MOV_0174.mp4,525,17544,41,cup,0.2757,822.0,434.7,1065.5,632.1,243.5,197.4
MOV_0174.mp4,526,17578,41,cup,0.2804,822.0,434.8,1065.4,632.1,243.4,197.3
MOV_0174.mp4,527,17611,41,cup,0.2378,821.8,434.8,1065.4,632.0,243.7,197.2
MOV_0174.mp4,528,17645,41,cup,0.223,821.7,434.7,1065.6,632.0,243.8,197.3
MOV_0174.mp4,529,17678,41,cup,0.2305,821.6,434.8,1065.3,632.4,243.8,197.6
MOV_0174.mp4,530,17712,41,cup,0.2093,821.5,434.5,1065.4,632.6,243.9,198.2
MOV_0174.mp4,531,17745,41,cup,0.3056,821.4,435.0,1065.6,632.3,244.1,197.3
MOV_0174.mp4,532,17778,41,cup,0.2578,821.6,435.3,1065.9,632.7,244.3,197.4
MOV_0174.mp4,533,17812,41,cup,0.2444,821.6,434.8,1065.6,632.2,244.0,197.4
MOV_0174.mp4,534,17845,41,cup,0.2533,821.5,434.8,1065.6,632.3,244.1,197.5
MOV_0174.mp4,535,17879,41,cup,0.2686,821.7,435.1,1065.5,631.8,243.8,196.7
MOV_0174.mp4,536,17912,41,cup,0.2984,822.1,435.1,1065.6,631.8,243.5,196.7
MOV_0174.mp4,537,17945,41,cup,0.3998,822.1,435.6,1065.8,632.8,243.7,197.2
MOV_0174.mp4,538,17979,41,cup,0.3521,822.2,435.5,1065.7,632.3,243.6,196.8
MOV_0174.mp4,539,18012,41,cup,0.3927,822.1,435.4,1065.7,632.6,243.6,197.1
MOV_0174.mp4,540,18046,41,cup,0.4437,822.2,435.4,1065.9,632.5,243.7,197.0
MOV_0174.mp4,541,18079,41,cup,0.4066,822.2,435.4,1065.9,632.4,243.7,197.0
MOV_0174.mp4,542,18113,41,cup,0.4102,822.2,435.4,1065.9,632.2,243.7,196.8
MOV_0174.mp4,543,18146,41,cup,0.374,822.0,435.4,1065.9,632.5,243.9,197.2
MOV_0174.mp4,544,18179,41,cup,0.3786,822.1,435.4,1065.8,632.8,243.8,197.4
MOV_0174.mp4,545,18213,41,cup,0.4233,821.8,435.8,1065.6,633.1,243.8,197.2
MOV_0174.mp4,546,18246,41,cup,0.434,821.8,436.0,1065.6,632.8,243.8,196.8
MOV_0174.mp4,547,18280,41,cup,0.3704,821.8,436.0,1065.3,632.9,243.5,197.0
MOV_0174.mp4,548,18313,41,cup,0.3909,821.8,436.1,1065.5,632.9,243.7,196.9
MOV_0174.mp4,549,18347,41,cup,0.4854,821.9,436.1,1065.5,632.9,243.6,196.8
MOV_0174.mp4,550,18380,41,cup,0.4449,822.1,435.9,1065.6,633.0,243.5,197.1
MOV_0174.mp4,551,18413,41,cup,0.3512,822.1,435.4,1065.8,632.9,243.7,197.5
MOV_0174.mp4,552,18447,41,cup,0.3734,822.2,435.5,1065.8,632.8,243.6,197.3
MOV_0174.mp4,553,18480,41,cup,0.4114,822.1,435.5,1065.8,632.8,243.8,197.4
MOV_0174.mp4,554,18514,41,cup,0.4023,822.2,435.5,1066.0,632.7,243.8,197.2
MOV_0174.mp4,555,18547,41,cup,0.3826,822.0,435.5,1066.0,632.4,244.0,196.9
MOV_0174.mp4,556,18580,41,cup,0.3633,822.1,435.0,1065.9,632.1,243.7,197.2
MOV_0174.mp4,557,18614,41,cup,0.3291,822.1,435.0,1066.0,631.9,243.9,197.0
MOV_0174.mp4,558,18647,41,cup,0.3336,821.9,435.0,1065.8,632.2,243.9,197.2
MOV_0174.mp4,559,18681,41,cup,0.2723,821.9,434.5,1065.3,631.7,243.4,197.2
MOV_0174.mp4,560,18714,41,cup,0.313,821.9,435.2,1065.6,632.4,243.7,197.1
MOV_0174.mp4,561,18748,41,cup,0.2985,821.9,434.8,1065.3,632.3,243.5,197.4
MOV_0174.mp4,562,18781,41,cup,0.2505,821.8,435.1,1065.3,632.7,243.5,197.6
MOV_0174.mp4,563,18814,41,cup,0.2718,821.8,435.3,1065.6,632.5,243.8,197.2
MOV_0174.mp4,564,18848,41,cup,0.3108,821.8,435.5,1065.4,632.3,243.7,196.9
MOV_0174.mp4,565,18881,41,cup,0.3107,821.9,435.6,1065.5,632.8,243.6,197.3
MOV_0174.mp4,566,18915,41,cup,0.2781,821.9,435.6,1065.5,632.8,243.6,197.2
MOV_0174.mp4,567,18948,41,cup,0.3243,821.8,435.5,1065.6,632.8,243.7,197.3
MOV_0174.mp4,568,18981,41,cup,0.4171,821.8,435.6,1065.6,632.8,243.8,197.2
MOV_0174.mp4,569,19015,41,cup,0.434,821.9,435.6,1065.5,632.5,243.6,196.9
MOV_0174.mp4,570,19048,41,cup,0.5005,821.7,435.6,1065.7,632.4,244.0,196.8
MOV_0174.mp4,571,19082,41,cup,0.4389,822.0,435.6,1065.8,632.1,243.8,196.4
MOV_0174.mp4,572,19115,41,cup,0.4477,822.0,435.4,1065.8,632.1,243.8,196.7
MOV_0174.mp4,573,19149,41,cup,0.4499,822.0,435.3,1065.9,632.2,243.8,196.9
MOV_0174.mp4,574,19182,41,cup,0.4194,822.0,435.4,1065.9,632.2,243.8,196.8
MOV_0174.mp4,575,19215,41,cup,0.3616,822.0,435.4,1065.9,632.1,243.8,196.6
MOV_0174.mp4,576,19249,41,cup,0.386,821.9,435.5,1065.8,632.3,243.8,196.8
MOV_0174.mp4,577,19282,41,cup,0.3483,822.1,435.5,1066.1,632.6,243.9,197.1
MOV_0174.mp4,578,19316,41,cup,0.3512,822.0,435.5,1066.1,632.6,244.1,197.1
MOV_0174.mp4,579,19349,41,cup,0.3457,821.9,435.5,1065.8,632.7,243.9,197.1
MOV_0174.mp4,580,19383,41,cup,0.335,822.0,435.6,1065.7,632.8,243.7,197.3
MOV_0174.mp4,581,19416,41,cup,0.3658,822.0,435.7,1065.8,632.8,243.8,197.1
MOV_0174.mp4,582,19449,41,cup,0.4334,821.9,435.7,1065.8,632.9,243.9,197.2
MOV_0174.mp4,583,19483,41,cup,0.3567,822.0,435.4,1065.6,633.1,243.7,197.7
MOV_0174.mp4,584,19516,41,cup,0.3582,822.0,435.6,1065.5,633.0,243.5,197.4
MOV_0174.mp4,585,19550,41,cup,0.3848,822.0,435.7,1065.7,632.9,243.7,197.2
MOV_0174.mp4,586,19583,41,cup,0.4205,821.9,435.8,1065.5,633.0,243.6,197.3
MOV_0174.mp4,587,19616,41,cup,0.4441,821.8,436.1,1065.5,632.6,243.7,196.4
MOV_0174.mp4,588,19650,41,cup,0.5392,821.8,435.8,1065.5,632.7,243.7,196.9
MOV_0174.mp4,589,19683,41,cup,0.5876,821.7,435.9,1065.4,632.5,243.7,196.6
MOV_0174.mp4,590,19717,41,cup,0.4434,821.6,435.9,1065.6,632.8,244.0,196.8
MOV_0174.mp4,591,19750,41,cup,0.3524,821.5,435.9,1065.4,632.3,243.9,196.3
MOV_0174.mp4,592,19784,41,cup,0.3618,821.6,436.1,1065.3,632.5,243.7,196.4
MOV_0174.mp4,593,19817,41,cup,0.403,821.6,436.0,1065.4,632.6,243.8,196.6
MOV_0174.mp4,594,19850,41,cup,0.3984,821.8,436.0,1065.4,632.5,243.6,196.6
MOV_0174.mp4,595,19884,41,cup,0.4535,821.7,436.0,1065.5,633.2,243.8,197.2
MOV_0174.mp4,596,19917,41,cup,0.4266,821.7,436.0,1065.5,633.0,243.8,197.0
MOV_0174.mp4,597,19951,41,cup,0.4004,821.8,436.0,1065.4,632.8,243.7,196.9
MOV_0174.mp4,598,19984,41,cup,0.3726,821.7,435.8,1065.3,633.0,243.6,197.2
MOV_0174.mp4,599,20017,41,cup,0.4342,821.7,435.8,1065.3,632.8,243.6,197.0
MOV_0174.mp4,600,20051,41,cup,0.4332,821.8,435.8,1065.2,632.7,243.5,196.9
MOV_0174.mp4,601,20084,41,cup,0.4352,821.7,435.6,1065.4,633.0,243.7,197.4
MOV_0174.mp4,602,20118,41,cup,0.3055,821.8,435.8,1065.4,632.9,243.6,197.1
MOV_0174.mp4,603,20151,41,cup,0.3029,821.7,435.8,1065.5,633.1,243.8,197.3
MOV_0174.mp4,604,20185,41,cup,0.2975,821.8,435.9,1065.4,632.9,243.7,197.1
MOV_0174.mp4,605,20218,41,cup,0.3371,821.9,435.8,1065.6,632.8,243.7,197.0
MOV_0174.mp4,606,20251,41,cup,0.4368,821.9,436.0,1065.6,632.9,243.7,196.9
MOV_0174.mp4,607,20285,41,cup,0.4566,821.6,436.4,1065.5,633.0,243.9,196.7
MOV_0174.mp4,608,20318,41,cup,0.4915,821.5,436.4,1065.6,633.1,244.2,196.7
MOV_0174.mp4,609,20352,41,cup,0.54,821.6,436.7,1065.8,633.2,244.2,196.6
MOV_0174.mp4,610,20385,41,cup,0.4978,821.7,436.7,1065.8,633.7,244.1,197.0
MOV_0174.mp4,611,20418,41,cup,0.5428,821.6,436.5,1065.7,633.8,244.1,197.2
MOV_0174.mp4,612,20452,41,cup,0.5263,821.6,436.6,1065.8,633.2,244.2,196.6
MOV_0174.mp4,613,20485,41,cup,0.5617,821.6,436.6,1065.6,633.6,244.0,197.0
MOV_0174.mp4,614,20519,41,cup,0.6074,821.6,436.5,1065.4,633.3,243.8,196.8
MOV_0174.mp4,615,20552,41,cup,0.5893,821.4,436.6,1065.4,633.3,243.9,196.7
MOV_0174.mp4,616,20586,41,cup,0.5551,821.4,436.7,1065.3,633.5,243.9,196.8
MOV_0174.mp4,617,20619,41,cup,0.5564,821.5,436.9,1065.3,633.6,243.9,196.7
MOV_0174.mp4,618,20652,41,cup,0.5505,821.6,436.8,1065.3,633.6,243.7,196.8
MOV_0174.mp4,619,20686,41,cup,0.5385,821.5,436.8,1065.4,633.7,243.9,197.0
MOV_0174.mp4,620,20719,41,cup,0.4655,821.5,436.8,1065.3,634.3,243.8,197.5
MOV_0174.mp4,621,20753,41,cup,0.5827,821.7,436.9,1065.3,633.8,243.5,197.0
MOV_0174.mp4,622,20786,41,cup,0.5709,821.6,436.6,1065.4,633.8,243.8,197.2
MOV_0174.mp4,623,20820,41,cup,0.6047,821.7,436.6,1065.5,633.5,243.8,196.9
MOV_0174.mp4,624,20853,41,cup,0.5599,821.8,436.6,1065.4,633.0,243.6,196.3
MOV_0174.mp4,625,20886,41,cup,0.5652,821.9,436.6,1065.3,633.4,243.5,196.8
MOV_0174.mp4,626,20920,41,cup,0.537,821.8,436.7,1065.4,632.9,243.6,196.3
MOV_0174.mp4,627,20953,41,cup,0.5215,821.7,436.7,1065.4,632.9,243.6,196.2
MOV_0174.mp4,628,20987,41,cup,0.5138,821.8,436.7,1065.4,632.9,243.6,196.2
MOV_0174.mp4,629,21020,41,cup,0.4877,821.8,436.4,1065.5,632.9,243.7,196.4
MOV_0174.mp4,630,21053,41,cup,0.4054,821.9,436.5,1065.6,632.8,243.7,196.3
MOV_0174.mp4,631,21087,41,cup,0.3844,821.8,435.8,1065.2,632.6,243.3,196.8
MOV_0174.mp4,632,21120,41,cup,0.4054,821.7,435.8,1065.2,632.8,243.4,196.9
MOV_0174.mp4,633,21154,41,cup,0.3323,821.7,435.5,1065.2,632.8,243.5,197.2
MOV_0174.mp4,634,21187,41,cup,0.3386,821.8,436.1,1065.5,632.9,243.7,196.9
MOV_0174.mp4,635,21221,41,cup,0.3097,821.7,435.9,1065.5,632.9,243.7,197.1
MOV_0174.mp4,636,21254,41,cup,0.3274,821.8,435.0,1065.3,633.2,243.5,198.1
MOV_0174.mp4,637,21287,41,cup,0.4657,822.2,435.9,1065.6,632.6,243.4,196.8
MOV_0174.mp4,638,21321,41,cup,0.4726,822.3,435.8,1065.6,632.9,243.4,197.1
MOV_0174.mp4,639,21354,41,cup,0.3575,822.2,435.0,1065.5,632.7,243.2,197.7
MOV_0174.mp4,640,21388,41,cup,0.3994,822.1,435.3,1065.4,632.5,243.3,197.3
MOV_0174.mp4,641,21421,41,cup,0.4565,822.1,435.2,1065.5,632.6,243.4,197.4
MOV_0174.mp4,642,21454,41,cup,0.4512,822.1,435.2,1065.4,632.6,243.2,197.4
MOV_0174.mp4,643,21488,41,cup,0.415,822.1,435.5,1066.0,632.8,243.9,197.4
MOV_0174.mp4,644,21521,41,cup,0.3835,822.1,435.0,1065.5,632.5,243.4,197.5
MOV_0174.mp4,645,21555,41,cup,0.3554,821.9,435.1,1065.6,632.6,243.7,197.5
MOV_0174.mp4,646,21588,41,cup,0.3672,821.9,435.1,1065.5,632.7,243.6,197.6
MOV_0174.mp4,647,21622,41,cup,0.3857,822.0,435.3,1065.5,632.2,243.5,196.9
MOV_0174.mp4,648,21655,41,cup,0.4119,822.1,435.0,1065.6,632.7,243.5,197.7
MOV_0174.mp4,649,21688,41,cup,0.3738,821.9,435.3,1065.4,632.5,243.6,197.2
MOV_0174.mp4,650,21722,41,cup,0.381,821.8,435.2,1065.4,632.5,243.6,197.3
MOV_0174.mp4,651,21755,41,cup,0.3472,821.9,435.2,1065.5,632.4,243.6,197.2
MOV_0174.mp4,652,21789,41,cup,0.3942,821.8,435.1,1065.4,632.2,243.6,197.1
MOV_0174.mp4,653,21822,41,cup,0.3668,821.8,435.1,1065.5,632.5,243.8,197.4
MOV_0174.mp4,654,21856,41,cup,0.3315,821.8,435.1,1065.5,632.3,243.7,197.1
MOV_0174.mp4,655,21889,41,cup,0.3837,821.8,435.2,1065.4,631.9,243.7,196.7
MOV_0174.mp4,656,21922,41,cup,0.3713,821.8,435.2,1065.4,632.2,243.6,197.0
MOV_0174.mp4,657,21956,41,cup,0.3957,821.7,435.2,1065.5,632.2,243.8,197.0
MOV_0174.mp4,658,21989,41,cup,0.4026,821.9,435.3,1065.5,632.0,243.6,196.8
MOV_0174.mp4,659,22023,41,cup,0.4079,821.8,435.2,1065.4,632.1,243.6,196.8
MOV_0174.mp4,660,22056,41,cup,0.3236,821.9,435.1,1065.5,632.3,243.6,197.1
MOV_0174.mp4,661,22089,41,cup,0.4844,821.8,436.1,1065.6,632.8,243.7,196.8
MOV_0174.mp4,662,22123,41,cup,0.4723,822.0,436.1,1065.6,632.5,243.7,196.4
MOV_0174.mp4,663,22156,41,cup,0.4283,821.8,436.2,1065.6,632.7,243.7,196.5
MOV_0174.mp4,664,22190,41,cup,0.4424,822.0,436.3,1065.5,632.4,243.5,196.1
MOV_0174.mp4,665,22223,41,cup,0.4423,821.7,435.8,1065.1,632.1,243.4,196.3
MOV_0174.mp4,666,22257,41,cup,0.5161,821.7,436.4,1065.6,632.9,243.9,196.5
MOV_0174.mp4,667,22290,41,cup,0.4888,821.6,436.7,1065.3,633.8,243.7,197.1
MOV_0174.mp4,668,22323,41,cup,0.5863,821.5,436.7,1065.5,633.6,244.0,197.0
MOV_0174.mp4,669,22357,41,cup,0.5529,821.2,436.8,1065.3,633.8,244.1,197.0
MOV_0174.mp4,670,22390,41,cup,0.5723,821.5,436.8,1065.5,633.9,244.0,197.1
MOV_0174.mp4,671,22424,41,cup,0.5637,821.5,436.7,1065.4,633.6,243.9,196.9
MOV_0174.mp4,672,22457,41,cup,0.5467,821.5,436.6,1065.4,633.0,244.0,196.5
MOV_0174.mp4,673,22490,41,cup,0.5306,821.6,436.6,1065.5,632.7,244.0,196.1
MOV_0174.mp4,674,22524,41,cup,0.4531,821.4,436.3,1065.3,632.2,243.9,195.9
MOV_0174.mp4,675,22557,41,cup,0.4413,821.6,436.2,1065.4,632.3,243.8,196.1
MOV_0174.mp4,676,22591,41,cup,0.4718,821.7,436.1,1065.4,632.5,243.7,196.4
MOV_0174.mp4,677,22624,41,cup,0.4487,821.5,435.9,1065.4,632.5,243.9,196.6
MOV_0174.mp4,678,22658,41,cup,0.4227,821.6,435.8,1065.5,632.6,243.9,196.8
MOV_0174.mp4,679,22691,41,cup,0.4398,821.8,435.8,1065.3,632.8,243.6,196.9
MOV_0174.mp4,680,22724,41,cup,0.3831,821.9,436.0,1065.2,633.1,243.4,197.1
MOV_0174.mp4,681,22758,41,cup,0.4076,821.8,436.0,1065.2,632.9,243.4,197.0
MOV_0174.mp4,682,22791,41,cup,0.4273,821.9,436.2,1065.2,632.7,243.3,196.5
MOV_0174.mp4,683,22825,41,cup,0.3803,821.8,436.0,1065.2,632.6,243.4,196.6
MOV_0174.mp4,684,22858,41,cup,0.3672,821.9,436.0,1065.2,632.5,243.4,196.4
MOV_0174.mp4,685,22892,41,cup,0.4025,821.8,436.0,1065.4,632.5,243.6,196.4
MOV_0174.mp4,686,22925,41,cup,0.3671,822.0,435.8,1065.7,632.6,243.7,196.9
MOV_0174.mp4,687,22958,41,cup,0.39,821.9,436.0,1065.7,632.7,243.8,196.8
MOV_0174.mp4,688,22992,41,cup,0.3839,821.9,436.0,1065.7,633.0,243.7,197.1
MOV_0174.mp4,689,23025,41,cup,0.4476,821.9,435.9,1065.8,633.2,243.9,197.3
MOV_0174.mp4,690,23059,41,cup,0.4399,822.0,435.9,1065.7,633.3,243.8,197.4
MOV_0174.mp4,691,23092,41,cup,0.419,822.0,435.9,1065.5,633.3,243.5,197.4
MOV_0174.mp4,692,23125,41,cup,0.3917,822.0,435.6,1065.6,633.2,243.6,197.6
MOV_0174.mp4,693,23159,41,cup,0.443,821.9,435.7,1065.7,633.2,243.8,197.5
MOV_0174.mp4,694,23192,41,cup,0.3998,821.8,435.8,1065.6,633.1,243.8,197.3
MOV_0174.mp4,695,23226,41,cup,0.5119,821.8,435.6,1065.7,632.7,243.8,197.1
MOV_0174.mp4,696,23259,41,cup,0.4595,821.7,435.7,1065.7,633.0,244.0,197.3
MOV_0174.mp4,697,23293,41,cup,0.464,822.1,435.6,1065.7,632.6,243.6,197.0
MOV_0174.mp4,698,23326,41,cup,0.4278,822.1,435.2,1065.4,632.6,243.4,197.4
MOV_0174.mp4,699,23359,41,cup,0.392,821.9,435.3,1065.5,632.6,243.6,197.4
MOV_0174.mp4,700,23393,41,cup,0.3892,821.8,435.8,1065.9,633.0,244.1,197.1
MOV_0174.mp4,701,23426,41,cup,0.3766,822.0,435.8,1065.8,632.6,243.8,196.8
MOV_0174.mp4,702,23460,41,cup,0.3405,821.9,435.2,1065.3,632.3,243.4,197.2
MOV_0174.mp4,703,23493,41,cup,0.3443,821.8,435.2,1065.3,632.5,243.5,197.3
MOV_0174.mp4,704,23526,41,cup,0.4156,821.9,435.5,1065.6,632.7,243.7,197.2
MOV_0174.mp4,705,23560,41,cup,0.3956,821.8,435.2,1065.3,632.2,243.5,197.0
MOV_0174.mp4,706,23593,41,cup,0.389,821.9,435.4,1065.3,632.1,243.4,196.7
MOV_0174.mp4,707,23627,41,cup,0.3614,821.8,435.8,1065.6,632.8,243.8,196.9
MOV_0174.mp4,708,23660,41,cup,0.3589,821.7,435.4,1065.2,632.8,243.5,197.4
MOV_0174.mp4,709,23694,41,cup,0.3412,821.8,435.8,1065.6,633.1,243.8,197.2
MOV_0174.mp4,710,23727,41,cup,0.3741,821.5,435.8,1065.6,633.0,244.1,197.2
MOV_0174.mp4,711,23760,41,cup,0.3409,821.6,435.9,1065.7,633.0,244.1,197.1
MOV_0174.mp4,712,23794,41,cup,0.3438,821.6,435.8,1065.6,632.8,244.0,197.0
MOV_0174.mp4,713,23827,41,cup,0.4016,821.6,435.6,1065.5,632.8,243.9,197.2
MOV_0174.mp4,714,23861,41,cup,0.3683,821.7,435.3,1065.2,632.3,243.6,197.0
MOV_0174.mp4,715,23894,41,cup,0.3824,821.8,435.8,1065.5,632.5,243.7,196.7
MOV_0174.mp4,716,23927,41,cup,0.3962,821.7,435.3,1065.2,632.4,243.4,197.1
MOV_0174.mp4,717,23961,41,cup,0.3917,821.8,435.3,1065.2,632.4,243.4,197.1
MOV_0174.mp4,718,23994,41,cup,0.4236,821.9,435.8,1065.5,632.8,243.6,197.1
MOV_0174.mp4,719,24028,41,cup,0.4078,821.8,435.4,1065.1,632.8,243.3,197.4
MOV_0174.mp4,720,24061,41,cup,0.3465,821.8,435.4,1065.4,632.4,243.6,197.0
MOV_0174.mp4,721,24095,41,cup,0.3771,821.8,435.2,1065.6,632.6,243.8,197.3
MOV_0174.mp4,722,24128,41,cup,0.3149,821.8,435.3,1065.6,632.5,243.8,197.2
MOV_0174.mp4,723,24161,41,cup,0.2751,821.8,435.3,1065.5,632.3,243.7,197.0
MOV_0174.mp4,724,24195,41,cup,0.3271,821.7,435.3,1065.5,632.3,243.8,197.0
MOV_0174.mp4,725,24228,41,cup,0.3295,821.8,435.4,1065.4,632.2,243.6,196.8
MOV_0174.mp4,726,24262,41,cup,0.3175,821.8,435.3,1065.4,632.2,243.6,196.9
MOV_0174.mp4,727,24295,41,cup,0.4102,821.7,435.5,1065.8,632.4,244.1,197.0
MOV_0174.mp4,728,24329,41,cup,0.438,821.7,435.6,1065.7,632.7,244.0,197.0
MOV_0174.mp4,729,24362,41,cup,0.4129,821.8,435.6,1065.7,632.5,243.9,196.9
MOV_0174.mp4,730,24395,41,cup,0.3663,821.5,435.6,1065.7,632.7,244.2,197.2
MOV_0174.mp4,731,24429,41,cup,0.3287,821.7,435.5,1065.7,632.8,244.0,197.3
MOV_0174.mp4,732,24462,41,cup,0.3431,821.5,435.5,1065.6,632.7,244.1,197.2
MOV_0174.mp4,733,24496,41,cup,0.3133,821.5,435.5,1065.5,632.9,244.0,197.4
MOV_0174.mp4,734,24529,41,cup,0.3401,821.4,435.4,1065.3,632.9,243.9,197.5
MOV_0174.mp4,735,24562,41,cup,0.365,821.6,435.8,1065.7,633.0,244.1,197.1
MOV_0174.mp4,736,24596,41,cup,0.3163,821.5,435.4,1065.4,632.6,243.9,197.2
MOV_0174.mp4,737,24629,41,cup,0.3163,821.8,435.2,1065.7,632.3,243.9,197.1
MOV_0174.mp4,738,24663,41,cup,0.3107,821.8,435.3,1065.6,632.5,243.8,197.3
MOV_0174.mp4,739,24696,41,cup,0.3061,821.9,435.3,1065.6,633.0,243.8,197.7
MOV_0174.mp4,740,24730,41,cup,0.3503,821.7,435.6,1065.9,632.9,244.2,197.3
MOV_0174.mp4,741,24763,41,cup,0.3349,821.9,435.0,1065.4,632.3,243.5,197.3
MOV_0174.mp4,742,24796,41,cup,0.3438,821.9,435.0,1065.4,632.4,243.5,197.3
MOV_0174.mp4,743,24830,41,cup,0.4327,821.8,435.1,1065.4,632.0,243.6,197.0
MOV_0174.mp4,744,24863,41,cup,0.3238,821.6,435.1,1065.4,632.5,243.8,197.4
MOV_0174.mp4,745,24897,41,cup,0.299,821.7,435.1,1065.4,632.6,243.7,197.5
MOV_0174.mp4,746,24930,41,cup,0.3515,821.8,435.5,1065.7,632.7,243.9,197.2
MOV_0174.mp4,747,24963,41,cup,0.3508,821.8,435.5,1065.7,632.9,243.9,197.3
MOV_0174.mp4,748,24997,41,cup,0.327,821.8,435.4,1066.0,633.2,244.2,197.8
MOV_0174.mp4,749,25030,41,cup,0.3415,821.9,435.4,1065.9,633.4,244.1,198.1
MOV_0174.mp4,750,25064,41,cup,0.2748,821.8,434.7,1065.3,633.3,243.6,198.6
MOV_0174.mp4,751,25097,41,cup,0.3112,822.1,435.3,1065.8,633.4,243.7,198.1
MOV_0174.mp4,752,25131,41,cup,0.2821,822.0,434.7,1065.4,633.2,243.5,198.6
MOV_0174.mp4,753,25164,41,cup,0.3546,821.9,435.1,1065.4,633.3,243.5,198.1
MOV_0174.mp4,754,25197,41,cup,0.3839,822.0,435.7,1065.8,633.4,243.9,197.7
MOV_0174.mp4,755,25231,41,cup,0.3604,821.8,435.2,1065.5,633.3,243.7,198.0
MOV_0174.mp4,756,25264,41,cup,0.4225,821.8,435.6,1065.9,633.5,244.1,197.9
MOV_0174.mp4,757,25298,41,cup,0.4028,822.1,435.2,1065.4,631.8,243.3,196.7
MOV_0174.mp4,758,25331,41,cup,0.3491,822.2,434.8,1065.4,632.1,243.2,197.3
MOV_0174.mp4,759,25365,41,cup,0.4157,822.1,434.8,1065.5,632.2,243.4,197.5
MOV_0174.mp4,760,25398,41,cup,0.4082,822.1,434.8,1065.6,632.1,243.5,197.3
MOV_0174.mp4,761,25431,41,cup,0.3454,822.2,434.8,1065.6,632.3,243.5,197.5
MOV_0174.mp4,762,25465,41,cup,0.3668,822.1,434.7,1065.6,632.1,243.5,197.4
MOV_0174.mp4,763,25498,41,cup,0.4182,822.3,434.7,1065.7,632.3,243.4,197.6
MOV_0174.mp4,764,25532,41,cup,0.3513,822.2,434.5,1065.7,632.2,243.5,197.7
MOV_0174.mp4,765,25565,41,cup,0.3589,822.1,434.7,1065.7,632.4,243.6,197.7
MOV_0174.mp4,766,25598,41,cup,0.3551,822.1,434.7,1065.8,632.3,243.7,197.6
MOV_0174.mp4,767,25632,41,cup,0.3593,822.0,434.6,1065.8,632.2,243.8,197.5
MOV_0174.mp4,768,25665,41,cup,0.3074,821.7,434.8,1065.6,632.5,243.9,197.8
MOV_0174.mp4,769,25699,41,cup,0.3079,821.8,434.9,1065.7,632.4,243.9,197.5
MOV_0174.mp4,770,25732,41,cup,0.3133,821.8,434.9,1065.7,632.1,243.9,197.2
MOV_0174.mp4,771,25766,41,cup,0.2741,821.8,434.8,1065.5,632.3,243.8,197.5
MOV_0174.mp4,772,25799,41,cup,0.2522,822.1,434.7,1065.7,632.0,243.6,197.3
MOV_0174.mp4,773,25832,41,cup,0.2281,822.2,434.8,1065.8,631.9,243.6,197.2
MOV_0174.mp4,774,25866,41,cup,0.2164,822.0,434.4,1065.7,632.3,243.7,198.0
MOV_0174.mp4,775,25899,41,cup,0.2292,822.2,434.7,1066.2,632.4,244.0,197.7
MOV_0174.mp4,776,25933,41,cup,0.2987,822.2,434.3,1065.8,632.3,243.6,198.0
MOV_0174.mp4,777,25966,41,cup,0.239,822.1,434.3,1065.7,632.1,243.6,197.8
