frame,cls,conf,x1,y1,x2,y2,u,v,X,Y,Z,range_m
0,cup,0.9646,784.0,351.2,1327.7,802.0,1055,576,0.0293841948369094,0.0111350633066183,0.6000660061836243,0.4023574404470635
1,cup,0.9647,784.2,350.9,1327.8,800.8,1055,575,0.0293842585770191,0.0108257794757439,0.6000673078450555,0.40086658229735833
2,cup,0.9653,784.2,350.8,1327.6,800.5,1055,575,0.0293841591869006,0.0108257428583318,0.600065278161008,0.4018124321776402
3,cup,0.9652,784.0,348.7,1327.8,799.3,1055,573,0.0293844640316696,0.0102072348741589,0.6000715035139265,0.3962969391721472
4,cup,0.9652,784.1,350.8,1327.7,800.8,1055,575,0.0293839739477311,0.0108256746123219,0.6000614953202926,0.3961608445656259
5,cup,0.9641,783.9,349.8,1327.4,799.4,1055,574,0.0293842896925758,0.0105164826268166,0.6000679432678704,0.39443117193273186
6,cup,0.9617,784.4,347.6,1328.2,798.2,1056,572,0.0296935390632704,0.0098978463544234,0.6000667521316538,0.39581064459442056
7,cup,0.962,785.3,348.4,1328.9,799.0,1056,573,0.0296934865763719,0.0102071360106278,0.6000656914415619,0.39761470028846596
8,cup,0.9642,784.9,348.9,1328.3,799.2,1056,573,0.029693602479204,0.0102071758522264,0.600068033682945,0.3972646188989532
9,cup,0.9673,783.0,347.6,1325.9,798.0,1054,572,0.0290762936686178,0.0098983127382528,0.6000950271138809,0.39971331242335817
9,cup,0.1522,1451.9,404.6,1510.3,471.3,1480,437,0.1568259306865501,-0.0310635978090666,0.585090928687313,0.40647305825360447
10,cup,0.9666,778.2,344.3,1322.0,795.8,1050,569,0.0280324139749386,0.009032666725258,0.6042641423557764,0.40291410021343216
11,cup,0.9701,770.7,345.6,1319.2,796.3,1044,570,0.0261169142467806,0.0093274693738502,0.6031862207705265,0.40050955997893306
12,cup,0.972,768.0,342.7,1315.6,796.2,1041,569,0.0251503056400273,0.0090044304143307,0.6023751996188506,0.39957512692078256
13,cup,0.9699,762.2,348.5,1310.5,798.1,1036,573,0.0235746087771433,0.0102363432848122,0.6017827532266039,0.4013223237796711
14,cup,0.9737,754.6,350.4,1304.3,799.9,1029,574,0.0213887113655748,0.010539365020718,0.6013736071036531,0.3991891609398825
15,cup,0.9788,747.1,356.2,1297.2,804.6,1022,580,0.0192083971271787,0.0123925142755992,0.6010467752941485,0.3999913375827645
16,cup,0.978,739.4,356.9,1291.0,805.8,1015,580,0.0170335543714684,0.0123880395428861,0.600829747207056,0.40023058602383943
17,cup,0.9723,733.9,352.8,1284.0,803.6,1008,577,0.0148619489815781,0.0114560856732998,0.6006802649370473,0.4026453113675071
18,cup,0.9706,728.6,352.5,1277.7,802.4,1002,577,0.0130013017333247,0.0114535277174527,0.6005461428957414,0.40254695628423565
19,cup,0.9729,722.3,351.9,1271.9,804.0,996,577,0.011142047310493,0.0114515486246734,0.6004423725496624,0.3986204311829644
20,cup,0.9707,716.8,351.7,1267.2,803.6,991,577,0.0095932166473436,0.0114499682565068,0.6003595086469241,0.3977560235496393
21,cup,0.9681,712.3,351.8,1262.2,803.8,987,577,0.0083544405599734,0.011448677804408,0.6002918459975076,0.4006843211519431
22,cup,0.97,705.9,349.4,1254.5,802.8,979,575,0.0058787440040112,0.0108292652705469,0.6002605236322286,0.3976635203047294
23,cup,0.9677,698.1,348.5,1249.0,802.5,973,575,0.0040220287979434,0.0108285390713862,0.6002202707916562,0.3981556596165519
24,cup,0.9635,692.8,338.1,1242.9,798.9,967,568,0.0021656591745923,0.0086626366983693,0.6002067904298692,0.4000783666245882
25,cup,0.9658,688.2,346.2,1237.9,802.0,962,574,0.0006186988176665,0.010517879900332,0.6001476713551334,0.3984257747963988
26,cup,0.9679,679.4,340.1,1230.3,798.4,954,569,-0.0018560753020137,0.0089710306263998,0.6001408324244399,0.4007290363629012
27,cup,0.9741,671.9,338.7,1223.9,797.6,947,567,-0.0040213484198284,0.0083520313334898,0.6001187357811032,0.40362302546419543
28,cup,0.9764,664.2,337.8,1219.2,796.2,941,566,-0.0058771494551955,0.0080424150439517,0.6000977091421937,0.4042425520294158
29,cup,0.9702,655.6,332.2,1212.3,796.4,933,564,-0.0083513944878078,0.0074234617669403,0.6000729764908996,0.3993720764104818
30,cup,0.9727,648.3,336.8,1203.4,797.3,925,566,-0.0108252201452293,0.0080415921078846,0.6000363044464734,0.4024941852558824
31,cup,0.9736,641.3,343.2,1198.7,798.5,919,570,-0.0126803102958794,0.0092782758262532,0.600004985981966,0.4030427708100237
32,cup,0.9732,634.8,341.0,1189.3,797.5,911,569,-0.0151539797794335,0.008968681910277,0.5999837088443559,0.40453773911735064
33,cup,0.9719,628.2,339.1,1182.7,797.4,905,568,-0.0170092985849268,0.0086592792795991,0.599974165466553,0.40370463833138737
34,cup,0.9726,622.6,340.4,1175.3,796.0,898,568,-0.0191733709786781,0.0086589417323062,0.5999507778786488,0.4032868332391486
35,cup,0.9726,617.6,340.7,1170.9,796.1,893,568,-0.0207193788619914,0.0086588448975486,0.5999440685035388,0.4016048043630883
36,cup,0.9741,611.8,343.6,1163.7,798.8,887,570,-0.0225739851050206,0.0092769801801454,0.5999211994962784,0.39839147588175255
37,cup,0.9688,603.2,343.9,1156.6,799.0,879,571,-0.0250463248355832,0.0095856304926306,0.5998847544238685,0.3981516783946385
38,cup,0.9684,597.9,344.8,1151.1,798.8,874,571,-0.0265923987989767,0.0095856321252125,0.5998848565935697,0.39820821184040184
39,cup,0.9687,592.7,344.7,1145.6,800.4,868,572,-0.0284468920280489,0.0098945711401909,0.5998681890203782,0.39653778652433386
40,cup,0.9697,586.2,346.0,1139.8,802.9,862,574,-0.0303010480649296,0.0105126085123225,0.5998468872362157,0.39909964219246613
41,cup,0.9734,579.2,346.6,1133.4,801.7,856,573,-0.0321557942190556,0.0102032808579695,0.5998390514866218,0.4010379002103052
42,cup,0.9744,574.3,347.6,1128.0,802.4,851,574,-0.0337014734855155,0.0105123862248397,0.599834203566461,0.3985331332831772
43,cup,0.9754,568.3,347.6,1124.2,803.4,846,575,-0.0352469475196028,0.0108214312560184,0.5998262882944129,0.4011195580951497
44,cup,0.9746,564.5,349.2,1120.6,801.8,842,575,-0.0364843146024028,0.0108216187380008,0.5998366803228783,0.3966417182486996
45,cup,0.9782,559.1,348.9,1116.0,800.9,837,574,-0.0380300557964158,0.0105123731469767,0.5998334573467767,0.39845756581173264
46,cup,0.9788,553.2,348.8,1110.3,800.7,831,574,-0.0398835708679694,0.0105119489109376,0.5998092505414737,0.39836333359854664
47,cup,0.9782,548.6,349.1,1105.5,800.8,826,574,-0.0414290274762132,0.010511842792472,0.59980319544761,0.40148153494300265
47,cup,0.151,1370.7,401.4,1428.5,469.5,1399,435,0.1333931271824945,-0.0319049620823734,0.5894918004615644,0.4008364431580747
48,cup,0.9762,545.1,348.5,1102.9,800.4,823,574,-0.0425593447910137,0.0105621731598136,0.6026750339782592,0.3996773724720218
49,cup,0.9737,542.2,348.3,1099.2,800.3,820,574,-0.043436944851696,0.0105489723211261,0.6019217973304483,0.4032058306508077
50,cup,0.9741,540.0,347.7,1096.5,799.7,818,573,-0.0440186261434507,0.0102296807234779,0.6013910689706429,0.4022291545842251
51,cup,0.9746,537.2,347.1,1093.4,799.9,815,573,-0.0449180726306089,0.0102227337711041,0.6009826656951979,0.400963636989156
52,cup,0.9729,533.8,346.2,1090.5,799.4,811,572,-0.0461332341051979,0.0099078086668881,0.6006707272056582,0.39616244472976964
53,cup,0.972,529.7,345.9,1087.2,799.4,808,572,-0.0470452334927072,0.0099042596826752,0.6004555665177899,0.39778195104626135
54,cup,0.9729,528.6,345.5,1084.9,799.3,806,572,-0.0476531175919417,0.0099019465126112,0.6003153282884133,0.39904566604375563
55,cup,0.9727,527.5,345.4,1082.1,799.2,804,572,-0.0482638291274754,0.0099002726415334,0.6002138481941371,0.40192914806387164
56,cup,0.9715,525.6,345.1,1080.3,799.1,802,572,-0.0488765721058008,0.00989905257839,0.6001398806559856,0.40252668131493596
57,cup,0.9729,523.9,345.0,1078.7,798.2,800,571,-0.0494910921413914,0.0095888991023945,0.6000893094781322,0.4013614347422896
58,cup,0.9726,521.0,345.1,1077.0,799.1,799,572,-0.0497982257195808,0.0098977839939539,0.6000629714663386,0.4042714872038458
59,cup,0.9731,519.9,345.5,1075.0,800.1,797,572,-0.0504139345776378,0.0098972141502111,0.6000284241242452,0.4024441729667649
60,cup,0.9723,517.9,345.1,1073.6,800.6,795,572,-0.051030334282699,0.0098967921033113,0.6000028371123508,0.4067262490607209
61,cup,0.972,516.7,344.9,1072.0,800.6,794,572,-0.0513396379151954,0.0098967976703991,0.6000031746225696,0.40408037805930924
62,cup,0.9729,515.7,344.9,1071.2,800.1,793,572,-0.0516488383108328,0.0098967833889021,0.6000023087926488,0.403268191104865
63,cup,0.9706,514.5,345.3,1070.4,800.0,792,572,-0.0519580091768999,0.0098967636527428,0.6000011122684186,0.4010883207963227
64,cup,0.9726,513.9,345.4,1070.0,799.9,791,572,-0.0522672700062352,0.0098967611846125,0.6000009626355738,0.4024606866275894
65,cup,0.9738,513.7,345.5,1069.9,799.8,791,572,-0.052268928378889,0.0098970751960026,0.6000199998875406,0.39938252083091863
66,cup,0.9723,513.6,345.6,1069.7,800.1,791,572,-0.052270144342774,0.009897305437685,0.6000339585178919,0.4010155427366353
67,cup,0.9725,514.2,345.6,1070.2,800.1,792,572,-0.0519634050996137,0.0098977914475454,0.6000634233477171,0.3988749016884348
68,cup,0.973,515.4,345.8,1070.9,800.1,792,572,-0.0519635882334946,0.0098978263301894,0.6000655381426055,0.40373704075025424
69,cup,0.9747,517.9,345.6,1072.2,800.2,794,572,-0.051348396801391,0.0098984861303886,0.6001055391840842,0.40251458501830617
70,cup,0.9732,518.9,345.3,1074.3,800.0,796,572,-0.0507320635596712,0.0098989392311553,0.6001330088674628,0.4008380192633354
71,cup,0.9741,520.4,345.4,1075.4,799.6,797,572,-0.0504227716166601,0.0098989490290375,0.6001336028737888,0.3992241600861221
72,cup,0.9729,522.4,345.3,1076.8,798.3,799,571,-0.0498059846380999,0.0095899721973981,0.6001564655544236,0.40342708006172245
73,cup,0.9734,524.2,345.3,1078.2,798.1,801,571,-0.0491883351718472,0.0095901785555173,0.600169379789934,0.4000304262084845
74,cup,0.9726,526.2,345.6,1079.9,798.2,802,571,-0.0488782262541101,0.0095900317334013,0.6001601914168702,0.4003785944698994
75,cup,0.9726,528.2,345.6,1082.8,798.1,805,571,-0.0479524300626691,0.0095904860125338,0.6001886209631617,0.4009010791892046
76,cup,0.9701,530.1,345.3,1086.4,798.0,808,571,-0.0470258575814158,0.0095907999014729,0.6002082646568472,0.4014853724344159
77,cup,0.9716,535.2,345.5,1091.0,798.2,813,571,-0.0454825921733962,0.0095915670569747,0.6002562745285106,0.3994137072224605
78,cup,0.9735,539.4,345.3,1094.6,799.5,816,572,-0.0445540263127522,0.0099008947361671,0.6002515632983142,0.39875198998140443
79,cup,0.9746,542.3,345.4,1099.8,798.5,820,571,-0.0433178268971226,0.00959180452722,0.6002711358127938,0.4008734871941526
79,cup,0.2313,1371.1,406.2,1429.1,474.1,1400,440,0.1337934803585502,-0.0304076091723977,0.5899172687970377,0.4054264666972063
80,cup,0.9749,547.0,345.0,1104.0,797.5,825,571,-0.041962664478845,0.0096358711025496,0.6030288956430124,0.4063007497124348
81,cup,0.976,552.6,344.7,1108.7,797.9,830,570,-0.0403602448110641,0.0093139026487071,0.6023088915251205,0.4045846471577501
82,cup,0.9789,559.5,345.3,1115.5,798.0,837,571,-0.0381549042998217,0.0096162766934509,0.6018026448190068,0.40409755200178576
83,cup,0.977,565.2,345.6,1120.8,799.7,842,572,-0.0365793315634331,0.0099198187290666,0.6013988491370622,0.40461294934107817
84,cup,0.9756,571.8,344.9,1125.4,800.4,848,572,-0.0347031413348309,0.0099151832385231,0.6011178179252847,0.4031778913018569
85,cup,0.9755,576.7,345.3,1129.1,799.6,852,572,-0.0334507066503226,0.0099113204889845,0.600883634903349,0.40211850876919525
86,cup,0.9743,583.0,346.2,1134.4,799.6,858,572,-0.0315844707426409,0.0099088535663187,0.60073407526999,0.4030864719354079
87,cup,0.9727,589.8,347.1,1141.2,802.7,865,574,-0.0294115437632847,0.0105262367152808,0.6006245091854784,0.40199283938416647
88,cup,0.9705,594.8,347.4,1145.9,800.9,869,573,-0.0281682900089144,0.010214874398837,0.6005206223121382,0.3994953790826908
89,cup,0.9699,599.1,348.9,1151.2,800.3,875,574,-0.0263081819021901,0.010523272760876,0.6004553866673566,0.40113806283812553
90,cup,0.9713,606.4,349.1,1156.7,800.7,881,574,-0.0244491723476438,0.010522428605315,0.600407219356168,0.39990426479478
91,cup,0.9743,615.8,349.3,1162.5,800.4,888,574,-0.0222815690516646,0.0105218520521749,0.6003743213740931,0.3989241887885288
92,cup,0.9735,620.1,349.2,1168.4,798.8,894,573,-0.0204236765010897,0.0102118382505448,0.6003421306742884,0.4032393679242182
93,cup,0.9731,625.1,349.3,1173.5,798.0,899,573,-0.0188752180905766,0.0102111835571972,0.6003036420114612,0.4013331105950532
94,cup,0.9735,631.8,349.7,1177.8,798.4,904,573,-0.0173271790558229,0.0102106590864671,0.6002728089853338,0.39867409023058825
95,cup,0.9754,637.0,349.7,1185.2,799.1,911,574,-0.0151607942166217,0.0105197347625538,0.6002535093427966,0.4021242569647943
96,cup,0.973,642.6,349.5,1192.3,798.4,917,573,-0.013304062289599,0.0102100943152737,0.6002396067416957,0.40249304229228555
97,cup,0.9758,649.0,349.3,1199.2,797.8,924,573,-0.0111379950985932,0.0102098288403771,0.6002239997803324,0.40045365754524315
98,cup,0.9761,655.4,349.3,1204.9,798.5,929,573,-0.0095906688116245,0.0102094216381809,0.6002000608353438,0.40136198374647614
99,cup,0.9786,661.2,349.6,1212.7,798.9,936,573,-0.0074248597468031,0.0102091821518543,0.6001859817118754,0.4002839924119429
100,cup,0.9781,668.5,350.3,1218.2,799.0,943,574,-0.0052590841608015,0.0105181683216031,0.60016412860278,0.397077133563265
101,cup,0.9746,672.8,350.8,1223.0,799.4,947,574,-0.0040215038260201,0.0105177792372833,0.6001419275460397,0.4002472469850453
102,cup,0.9682,680.9,350.2,1228.6,803.1,954,576,-0.0018560096630754,0.0111360579784526,0.6001196088205067,0.400711579387918
103,cup,0.9671,688.1,350.5,1235.1,803.7,961,576,0.0003093284541596,0.0111358243497465,0.6001070186231506,0.4017571375688773
104,cup,0.9662,692.4,353.4,1240.7,802.6,966,577,0.0018559151880133,0.0114448103260823,0.6000890613840192,0.40016868397956734
105,cup,0.9659,696.5,354.5,1246.2,802.8,971,578,0.0034024160695415,0.011753800967507,0.6000722874316984,0.40330312383903977
106,cup,0.9687,704.1,354.5,1250.2,802.9,977,578,0.0052581604130183,0.0117535350408644,0.6000587109546796,0.39978486172218264
107,cup,0.9732,710.2,354.5,1255.0,802.5,982,578,0.00680456226293,0.0117533348177883,0.6000484888725105,0.3999058517679512
108,cup,0.9711,714.6,354.2,1261.1,801.9,987,577,0.0083509584440769,0.0114439060159573,0.6000416454287828,0.39870822653020777
109,cup,0.971,719.1,353.3,1266.3,801.2,992,577,0.0098972453836901,0.0114436899748916,0.6000303176848879,0.3977107287642147
110,cup,0.9709,723.6,353.3,1271.6,800.9,997,576,0.0114435384834374,0.0111342536595607,0.6000223744895016,0.3965315484575943
111,cup,0.9672,730.0,353.1,1276.4,800.5,1003,576,0.0132988538386658,0.0111339241439993,0.6000046169715174,0.39877708500800535
112,cup,0.9662,734.7,353.1,1283.4,800.4,1008,576,0.014844983046055,0.0111337372845412,0.5999945471582036,0.4016544755485839
113,cup,0.9626,739.5,353.0,1288.5,800.8,1013,576,0.0163910615535381,0.0111335512439126,0.5999845214714249,0.4018540495344165
114,cup,0.9726,746.7,353.9,1295.4,801.0,1020,577,0.0185550356120074,0.0114422719607379,0.5999559665372214,0.40398617625381983
115,cup,0.9731,753.1,353.2,1301.6,801.5,1027,577,0.0207190153594195,0.011441844302963,0.5999335430329943,0.4016699031459758
116,cup,0.9722,760.5,353.5,1309.3,800.2,1034,576,0.0228830089203098,0.0111322746098804,0.5999157239564061,0.400082198714607
117,cup,0.9722,766.4,352.6,1315.1,804.8,1040,578,0.0247375060591143,0.0117503153780792,0.5998943360075809,0.4012506270600112
118,cup,0.9677,773.4,353.3,1320.2,803.7,1046,578,0.0265922591491476,0.011750067996135,0.5998817063017026,0.40122005648421133
119,cup,0.9628,781.5,353.5,1325.1,803.0,1053,578,0.028755636797027,0.0117496150353443,0.5998585810830174,0.4064973729473688
120,cup,0.9631,786.9,353.8,1331.6,805.5,1058,579,0.0303014055393665,0.012058722612605,0.5998539638867585,0.40482407593272535
121,cup,0.9644,790.5,355.7,1339.0,803.2,1064,579,0.0321558977423559,0.0120584616533834,0.5998409826259329,0.4060039556128154
122,cup,0.9669,796.7,356.0,1344.1,803.9,1070,579,0.0340102066735295,0.0120581641842513,0.5998261852013822,0.4069080623881445
123,cup,0.9696,804.5,355.9,1349.3,803.0,1076,579,0.0358644211627357,0.0120578657357473,0.5998113390585619,0.40430961763404866
124,cup,0.9752,809.2,356.3,1355.5,803.0,1082,579,0.0377184993525063,0.0120575530717028,0.5997957857721566,0.4042851139970064
125,cup,0.9751,813.4,355.6,1361.3,802.8,1087,578,0.0392646521046322,0.0117484785824884,0.5998005612248687,0.400837069300538
126,cup,0.9768,817.9,355.4,1366.8,801.5,1091,578,0.0405020575469101,0.011748688448722,0.5998112756236587,0.4018225088946538
127,cup,0.9761,824.0,355.7,1370.5,800.4,1097,577,0.0423556341860232,0.0114391128823566,0.599790325663616,0.3979554164185735
128,cup,0.9766,828.1,355.2,1376.1,801.3,1102,578,0.0439007236725116,0.0117480809827848,0.5997802623816026,0.4004866707549437
129,cup,0.9749,832.5,354.1,1381.6,800.8,1106,577,0.0451385713593628,0.0114392269883316,0.5997963086153223,0.4013986979567873
130,cup,0.9733,837.0,352.3,1386.7,800.1,1111,576,0.0466836749701371,0.0111298827743373,0.5997868284878942,0.3957552189140452
131,cup,0.9704,843.1,351.8,1391.7,799.7,1117,575,0.0485363675505509,0.0108202093265559,0.5997585573818668,0.4005704262257377
132,cup,0.9754,849.2,352.1,1396.5,800.2,1122,576,0.0500807963679782,0.0111290658595507,0.5997428051375191,0.40225831729786427
133,cup,0.9764,855.2,351.4,1402.3,799.0,1128,575,0.0519335131773602,0.01081948191195,0.5997182371697999,0.4014634153987392
134,cup,0.9739,861.3,351.9,1408.5,799.4,1134,575,0.0537859898272682,0.0108190209422665,0.5996926858607631,0.40281286131467686
135,cup,0.9719,865.6,351.2,1412.5,802.2,1138,576,0.0550238080406181,0.0111284106149564,0.5997074941567092,0.4014621289288517
136,cup,0.9669,873.0,351.8,1417.2,802.4,1145,576,0.0571829463144123,0.0111274922557775,0.5996580039913121,0.40722117239943245
137,cup,0.9649,879.3,352.5,1422.4,803.7,1150,577,0.058728202595493,0.0114365447159644,0.5996556682498303,0.4052546940040372
138,cup,0.9661,884.8,352.1,1429.8,804.5,1156,578,0.0605798528912357,0.0117450735197293,0.5996267209663595,0.4056567903172572
139,cup,0.9611,889.3,352.4,1436.6,804.6,1162,578,0.0624321861633809,0.0117446686842003,0.5996060527091214,0.40667549713378537
140,cup,0.9626,896.8,350.5,1442.1,804.2,1169,577,0.0645914402683373,0.0114348482771697,0.5995667183821626,0.40625320551446215
141,cup,0.9624,903.6,353.2,1448.4,803.0,1175,578,0.0664439078742681,0.0117435744149869,0.5995501864721657,0.4058370080464209
142,cup,0.969,909.6,357.4,1455.1,802.7,1182,579,0.0686024004176551,0.0120517730463448,0.5995082618582427,0.4014723148445184
143,cup,0.9647,914.7,356.9,1462.4,801.8,1188,578,0.0704564149479157,0.0117427358246526,0.5995073735283771,0.4043984672552884
144,cup,0.9684,922.7,359.1,1467.4,803.1,1194,581,0.0723078465856269,0.0126693235470542,0.5994851166790078,0.4052640318234522
145,cup,0.9721,927.8,358.6,1473.8,802.1,1200,580,0.0741616208336505,0.0123602701389417,0.5994829090819254,0.40189370628395116
146,cup,0.9706,933.3,356.6,1479.9,802.8,1206,579,0.0760149985394949,0.0120511583050418,0.5994776819187934,0.40144171194511885
147,cup,0.9692,939.7,359.2,1486.4,803.0,1212,581,0.0778660288081488,0.0126686792902146,0.5994546318322653,0.40453162093778255
148,cup,0.9672,945.0,358.9,1490.7,801.9,1217,579,0.0794147868562557,0.0120512711571749,0.5994832956808432,0.4047315021956845
149,cup,0.9725,951.3,357.1,1496.5,801.6,1223,579,0.0812659919453475,0.0120508505166104,0.599462371166854,0.4046219270160759
150,cup,0.9731,957.7,356.6,1502.6,801.6,1229,578,0.0831177600360088,0.0117415423099194,0.5994464404635763,0.407317858117597
151,cup,0.9718,962.3,355.7,1507.3,804.5,1234,579,0.0846638284941347,0.0120506909170483,0.5994544319818318,0.40702690325452906
152,cup,0.968,969.6,354.9,1512.4,803.9,1240,578,0.0865151050480407,0.0117413356850912,0.5994358915497692,0.40501511288499104
153,cup,0.9692,975.3,355.1,1516.7,805.0,1245,580,0.0880602724308094,0.0123593364815171,0.5994376259560131,0.4028351865581519
154,cup,0.9675,981.1,354.9,1524.8,804.6,1252,579,0.0902149763301054,0.0120492605372401,0.5993832785914257,0.4038111209964156
155,cup,0.9641,985.3,353.7,1531.4,805.8,1258,579,0.0920664302323794,0.0120489623458483,0.5993684452384986,0.40362474576392754
156,cup,0.9655,992.0,355.4,1537.3,801.8,1264,578,0.0939186230950124,0.0117398278868765,0.5993589132236791,0.4071870945644569
157,cup,0.9723,1000.4,355.3,1544.6,800.7,1272,577,0.0963770941194815,0.0114293348795539,0.5992776328048506,0.40999395414464684
158,cup,0.9634,1005.0,356.0,1552.3,800.7,1278,578,0.0982299981711141,0.0117381758820828,0.5992745726517944,0.40522565476701955
159,cup,0.9612,1010.5,356.2,1557.9,800.1,1283,578,0.0997804332207704,0.0117388744965612,0.5993102393428714,0.4061409936042733
160,cup,0.9601,1017.4,356.0,1564.3,800.4,1290,578,0.101934289273878,0.0117378878557798,0.599259867910501,0.40676427266041226
161,cup,0.9657,1022.1,355.8,1570.7,800.0,1296,577,0.1037873388544685,0.0114289629095694,0.5992581291947018,0.407891958169023
162,cup,0.9672,1028.6,355.6,1578.3,800.8,1303,577,0.1059412515917424,0.0114280650405086,0.5992110509656541,0.404600549942236
163,cup,0.9736,1035.6,355.4,1585.1,801.0,1310,578,0.1080955118219849,0.0117360841406726,0.5991677820011626,0.40939420809077387
164,cup,0.9717,1040.5,355.3,1588.8,801.1,1314,578,0.1093470304952006,0.0117378168328181,0.5992562419420817,0.4105553484737126
165,cup,0.9728,1044.4,355.8,1594.6,800.3,1319,577,0.1108962214620154,0.0114294155824361,0.5992818643224969,0.40896356573105125
166,cup,0.9684,1050.5,354.7,1600.2,799.4,1325,576,0.1127451711812298,0.0111200716781486,0.5992581107658589,0.41011621001406223
167,cup,0.9562,1055.6,354.5,1603.3,800.1,1329,577,0.1139909111110933,0.0114299829569388,0.5993116136344656,0.39953662242598587
168,cup,0.9536,1061.7,354.8,1607.4,800.9,1334,577,0.1155352161047199,0.0114299545344241,0.5993101233485021,0.4002624727306613
169,cup,0.957,1066.2,355.4,1610.8,800.8,1338,577,0.116778478258862,0.0114306976073489,0.5993490851068236,0.40072517523168266
170,cup,0.9558,1070.9,354.1,1615.3,803.0,1342,578,0.1180185599607326,0.0117400661741042,0.5993710786127486,0.40058582183839725
171,cup,0.966,1075.4,354.8,1622.9,803.8,1348,578,0.1198585772214093,0.0117387266350864,0.5993026905019798,0.39775265364207285
172,cup,0.9636,1078.4,353.7,1626.2,803.1,1352,578,0.1211013031421945,0.0117394120392943,0.5993376827629495,0.3997281510780913
173,cup,0.9639,1080.2,356.0,1629.7,801.4,1354,578,0.1217420896165186,0.0117416228564155,0.5994505526414375,0.40164393309574475
174,cup,0.9666,1083.3,355.4,1632.0,801.7,1357,578,0.1226765544364666,0.0117423402231378,0.5994871766995787,0.4051647648529814
175,cup,0.9736,1088.6,356.7,1635.5,801.7,1361,578,0.1239090622095116,0.0117420058951656,0.5994701080975523,0.4008691292822745
176,cup,0.971,1091.8,356.3,1637.1,801.7,1364,578,0.1248423651710614,0.0117425987042087,0.599500373054349,0.4044685397302709
177,cup,0.9707,1093.3,356.3,1640.7,801.8,1366,578,0.1254741518081169,0.0117438861298237,0.5995661005952376,0.40583535840264034
178,cup,0.9664,1095.3,355.7,1644.0,802.0,1369,578,0.1264017441879377,0.0117439273328646,0.599568204153317,0.4029993920811217
179,cup,0.9723,1097.8,356.2,1647.4,801.1,1372,578,0.1273290003992914,0.0117439369300317,0.5995686941219692,0.4060512314027825
180,cup,0.9708,1100.1,355.5,1649.7,800.8,1374,577,0.1279575163302133,0.0114358166768548,0.5996174947639015,0.4063512780975732
181,cup,0.9706,1102.7,355.5,1653.1,800.0,1377,577,0.1288816367007831,0.0114355409063044,0.5996030352066014,0.40584561259899427
182,cup,0.9702,1104.6,356.4,1655.9,800.4,1379,578,0.129506366826481,0.0117452074926164,0.5996335607466997,0.4038935185597121
183,cup,0.9638,1107.9,355.4,1657.5,804.2,1382,579,0.1304281274958353,0.0120537842946388,0.599608310205009,0.4013040094607097
184,cup,0.9694,1107.1,356.3,1658.7,800.0,1382,578,0.1304563877259784,0.0117472576625288,0.5997382290282526,0.40164526919490834
185,cup,0.9698,1109.7,356.8,1660.1,801.9,1384,578,0.1310738308416908,0.011747182952793,0.599734414837236,0.39943585631497147
186,cup,0.9683,1110.2,356.7,1661.3,801.8,1385,578,0.1313923844914714,0.0117480249662962,0.5997774025456653,0.39992094625843405
187,cup,0.968,1110.0,356.5,1661.2,802.1,1385,579,0.1314086420622978,0.0120586753892461,0.5998516147889371,0.40353471360781795
188,cup,0.9666,1110.0,356.9,1660.7,802.5,1385,579,0.1314214008833569,0.012059846198708,0.5999098560072846,0.40267936969909884
189,cup,0.9672,1109.1,355.9,1659.1,801.9,1384,578,0.1311326837410367,0.0117524575050929,0.6000036990179457,0.40367606691793306
190,cup,0.9643,1107.3,355.3,1657.8,801.9,1382,578,0.1305386142791451,0.0117546619493069,0.6001162435374303,0.4066648408556988
191,cup,0.9633,1104.0,355.0,1655.2,801.5,1379,578,0.1296382872769939,0.0117571716384863,0.6002443718706219,0.4076432602402286
192,cup,0.9542,1102.0,351.2,1653.0,802.4,1377,576,0.1290314267782903,0.0111394037506437,0.6002999117160587,0.40713133216628444
193,cup,0.9585,1099.4,354.0,1649.4,798.6,1374,576,0.12811991598925,0.0111408622599347,0.6003785104470352,0.4044222841066994
194,cup,0.9623,1095.9,353.8,1643.8,799.2,1369,576,0.1266034543494996,0.0111435803339412,0.6005249868314687,0.4033210900645453
195,cup,0.9502,1092.5,350.5,1640.5,800.4,1366,575,0.12567845331967,0.0108343494241094,0.6005423356114737,0.4048601412129003
196,cup,0.9464,1087.6,351.8,1634.9,799.0,1360,575,0.1238506221216852,0.0108369294356474,0.600685344304868,0.4029672268112553
197,cup,0.9477,1080.6,353.3,1628.5,798.2,1354,575,0.1220133487477444,0.0108387492542412,0.6007862159000077,0.40127659041475533
198,cup,0.9645,1076.5,352.2,1624.5,798.5,1350,575,0.1207707244800853,0.0108383983507768,0.6007667655040662,0.403504530793334
199,cup,0.9573,1073.3,352.6,1618.9,798.6,1345,575,0.1192278265969395,0.0108388933269945,0.6007942017775482,0.40394822371577027
200,cup,0.9591,1069.4,352.3,1613.4,797.6,1341,574,0.1179848721081013,0.0105288337314316,0.6007726942959863,0.4052017123538906
201,cup,0.9496,1064.8,352.5,1609.1,797.8,1336,574,0.1164406238799325,0.0105292053508449,0.6007938988094115,0.4064079698651606
202,cup,0.9572,1058.0,352.4,1606.4,797.3,1332,574,0.1151963845655948,0.010528701815135,0.6007651671841566,0.4027032269864639
203,cup,0.971,1053.4,352.6,1601.7,797.7,1327,574,0.1136513618044729,0.0105290089955097,0.6007826948216975,0.39868684637157187
204,cup,0.9762,1046.9,352.9,1596.6,797.9,1321,574,0.1118025973937735,0.0105298845190811,0.6008326519839372,0.4002694695696335
205,cup,0.974,1041.3,352.7,1589.0,797.6,1315,574,0.1099506721556316,0.0105304869106802,0.6008670243022023,0.3995717938150933
206,cup,0.9701,1034.3,352.6,1583.5,796.8,1308,574,0.1077937934457432,0.0105315775205611,0.6009292542369982,0.3992089555990962
207,cup,0.9385,1026.9,351.9,1575.4,799.0,1300,575,0.1053288557457653,0.0108426763267699,0.6010038914812712,0.3998112317491913
208,cup,0.9524,1021.9,353.8,1568.3,798.5,1294,575,0.1034661853059945,0.0108422649272748,0.6009810878219116,0.40950806766595366
208,cup,0.2993,1576.7,409.7,1636.9,476.8,1606,442,0.1944306750279087,-0.0294956751590326,0.5839035301077254,0.40549768039200573
209,cup,0.9593,1015.1,352.8,1561.4,798.1,1288,575,0.1023595473854681,0.0109225126783273,0.6054291787924141,0.40460675875685953
210,cup,0.958,1009.9,351.9,1557.0,798.8,1283,574,0.1005899602899137,0.0105884168726225,0.6041724938541279,0.40451418546851287
210,cup,0.2191,1573.6,409.2,1631.9,476.2,1602,442,0.1939222931374377,-0.0296018453698892,0.5860053013191736,0.40838258004430056
211,cup,0.969,1005.5,352.8,1551.1,798.0,1278,575,0.0995166115098105,0.0109530861724634,0.6071238516202441,0.4018819638287177
211,cup,0.1937,1571.1,408.4,1630.2,475.8,1600,441,0.1939839131841001,-0.0300068865706654,0.5880233567080452,0.4077859198444336
212,cup,0.9688,1002.3,352.4,1545.3,797.6,1273,574,0.0982086548856871,0.0106680327990842,0.6087153592720224,0.40347837241783285
213,cup,0.9721,997.7,352.4,1538.8,796.9,1267,574,0.0959903661465476,0.0106308548826795,0.6065939963958972,0.4055028974382035
213,cup,0.2162,1566.6,407.2,1626.3,473.7,1596,440,0.1926057546660986,-0.0302839236896381,0.5875177311758543,0.4105192963767863
214,cup,0.9637,988.6,350.9,1532.8,797.0,1260,573,0.0941018161044262,0.0103511997714868,0.6085350329083083,0.40752446326631575
214,cup,0.2103,1563.2,406.8,1620.7,473.6,1591,439,0.1915592164863472,-0.0306616178528067,0.5889555621930311,0.40201940095919464
215,cup,0.966,981.5,351.7,1526.1,798.2,1253,574,0.0920572429097076,0.0106824104400343,0.6095357439709876,0.4086324123185505
216,cup,0.9635,976.2,349.1,1517.4,797.3,1246,573,0.089516297193486,0.0103288035223253,0.6072183833873414,0.4057901366194863
217,cup,0.9632,968.2,348.6,1510.7,794.6,1239,571,0.0870818206946177,0.0096757578549575,0.6055250751787647,0.40308786873507524
218,cup,0.9609,960.2,349.3,1505.1,795.2,1232,572,0.0847212223374908,0.0099672026279401,0.6042715450026273,0.39666139800106437
219,cup,0.9686,952.5,349.7,1498.1,795.5,1225,572,0.082415466611872,0.0099520563455845,0.603353286612417,0.4070433177852927
220,cup,0.967,943.9,349.5,1491.1,795.1,1217,572,0.079841397554783,0.0099413413297784,0.6027036781517905,0.40993582558772695
221,cup,0.9675,936.9,350.1,1485.6,795.3,1210,572,0.0776009046386602,0.0099329157937485,0.6021928716733506,0.40616768418036003
222,cup,0.9643,931.2,350.4,1477.8,796.0,1204,573,0.0756868052890915,0.0102363302235246,0.6017819853686507,0.40475691608104336
223,cup,0.9623,925.8,352.1,1471.0,796.9,1198,574,0.0737883665904614,0.0105411952272087,0.6014780382412903,0.4059860465560795
224,cup,0.9652,920.2,351.0,1464.5,795.4,1192,573,0.0719020545287868,0.0102274474114222,0.6012597751442909,0.4040402854989603
225,cup,0.9713,913.9,351.6,1459.8,796.2,1186,573,0.0700230864934284,0.0102246099747041,0.601092965529488,0.4059944500984173
226,cup,0.9698,908.9,352.3,1453.7,797.9,1180,574,0.0681492665235101,0.0105321593718152,0.6009624545281711,0.4054944625111328
227,cup,0.9661,904.2,352.0,1446.7,798.2,1175,575,0.0665867301146984,0.0108397002512299,0.6008389291668969,0.40090001526183133
228,cup,0.9668,898.6,351.5,1441.2,798.4,1169,574,0.0647218082843265,0.0105289066108473,0.6007768527777404,0.4042674864695366
229,cup,0.9651,890.2,351.8,1437.3,799.6,1163,575,0.0628576974802098,0.010837534048312,0.6007188576694011,0.40276174200550413
230,cup,0.9677,887.8,351.7,1431.4,801.6,1159,576,0.0616096447105026,0.011145463364714,0.6006264629276719,0.40095349185096907
231,cup,0.9666,883.3,350.9,1426.4,800.5,1154,575,0.0600578798385987,0.0108351845069636,0.600588623818367,0.4023384832441224
232,cup,0.9691,877.8,351.4,1420.3,800.3,1148,575,0.0581992937754038,0.0108349749049953,0.6005770056906269,0.40214744450001744
233,cup,0.9707,872.8,352.7,1415.4,798.4,1143,575,0.0566482350329324,0.0108343618915444,0.6005430266748888,0.4031733890425142
234,cup,0.9739,865.1,352.9,1411.7,798.4,1138,575,0.0550978621329432,0.0108338492958034,0.6005146137604189,0.4018043345687402
235,cup,0.9756,861.4,352.0,1407.2,798.7,1134,575,0.0538558547436455,0.0108330742300436,0.6004716522697543,0.4044383924349567
236,cup,0.9775,854.8,352.2,1401.6,798.5,1127,575,0.0516912985956342,0.0108335056936958,0.6004955680748715,0.4039119740289762
237,cup,0.9779,848.2,352.7,1394.0,798.5,1121,575,0.0498335596539732,0.0108333825334724,0.6004887413679503,0.4036374200638355
238,cup,0.9768,842.1,352.8,1390.5,798.4,1116,575,0.0482837496071157,0.010832892540058,0.6004615812886499,0.4019360721922541
239,cup,0.9742,835.7,352.5,1383.7,799.2,1109,575,0.046118184824382,0.0108331306634454,0.6004747803437708,0.40238940450923677
240,cup,0.9771,830.6,353.3,1378.6,798.7,1104,575,0.044568551549566,0.0108326340571861,0.6004472537179312,0.4038175585256358
241,cup,0.9789,826.7,353.1,1373.1,799.2,1099,576,0.0430190756722787,0.0111416311093671,0.6004199435665001,0.4042170557692016
242,cup,0.9769,822.4,352.5,1368.4,799.1,1095,575,0.0417789898405164,0.0108315899586524,0.6003893798809757,0.4025055188048612
243,cup,0.9741,816.8,352.5,1364.7,799.6,1090,575,0.0402306512332347,0.0108313291781785,0.6003749249553774,0.40266328704141496
244,cup,0.9736,812.8,352.6,1361.2,800.2,1086,576,0.0389906886400236,0.0111401967542924,0.6003426465006988,0.3998735958153652
245,cup,0.9718,809.9,354.5,1356.5,801.1,1082,577,0.0377512154230938,0.0114491391037251,0.6003160334384808,0.3971428733424116
246,cup,0.973,807.1,354.8,1352.5,802.3,1079,578,0.0368207583275202,0.0117578892138299,0.6002810065796036,0.39799765134096077
247,cup,0.9708,802.2,353.3,1348.4,802.9,1075,577,0.0355828287644111,0.0114483883850714,0.6002766707894321,0.40130118469267706
248,cup,0.9691,798.6,353.0,1345.2,802.2,1071,577,0.034344671360353,0.0114482237867843,0.6002680403596751,0.39800350336853574
249,cup,0.9676,792.8,353.1,1343.0,802.8,1067,577,0.033106565749439,0.011448064791862,0.6002597037327723,0.40201553560720166
250,cup,0.9677,790.8,352.7,1341.0,802.3,1065,577,0.0324860700133938,0.011447472290434,0.6002286369334364,0.3996874062832972
251,cup,0.9661,787.3,352.7,1337.4,802.8,1062,577,0.0315572538282891,0.0114472391337911,0.6002164117635145,0.4013788417703758
252,cup,0.9646,785.3,353.2,1334.1,802.8,1059,577,0.0306285909533636,0.0114470491441864,0.6002064499834291,0.4028414897194327
253,cup,0.9662,783.4,352.6,1329.5,803.7,1056,577,0.0297000525668688,0.0114468952601473,0.6001983813369491,0.4008774511094434
254,cup,0.9665,781.9,352.1,1327.1,803.2,1054,577,0.0290803891402942,0.0114465361509668,0.6001795520610661,0.40022713275211125
255,cup,0.9662,778.4,351.9,1324.2,802.5,1051,576,0.0281522966378615,0.0111371722962968,0.6001796591534057,0.40140492683853957
256,cup,0.9676,775.9,351.5,1321.4,802.5,1048,576,0.02722394266679,0.0111370674545959,0.6001740092582026,0.3990550110209494
257,cup,0.9718,771.9,351.6,1319.8,802.4,1045,576,0.0262956210843539,0.011136968929844,0.6001686997819327,0.40028208301307366
258,cup,0.9728,769.5,351.0,1318.0,801.7,1043,576,0.025676307883593,0.0111367118531247,0.6001548459765254,0.40093333408068293
259,cup,0.9726,767.8,351.0,1316.6,802.8,1041,576,0.025057184371788,0.0111365263874613,0.6001448512744901,0.3980571113936856
260,cup,0.9722,767.0,352.7,1315.4,799.8,1041,575,0.0250562769081159,0.0108267863183217,0.6001231166038097,0.39912204546964736
261,cup,0.9748,766.3,352.4,1314.6,800.0,1040,576,0.0247463401513292,0.0111358530680981,0.6001085662485286,0.4007003178701838
262,cup,0.9765,765.9,352.4,1313.2,799.6,1039,575,0.0244369147631523,0.0108264812241814,0.6001062053948001,0.3990323896204187
263,cup,0.977,766.0,352.4,1313.8,799.8,1039,575,0.0244363164710381,0.0108262161580548,0.6000915129177085,0.4013069675382246
264,cup,0.9778,766.6,352.1,1315.1,799.5,1040,575,0.0247448266436155,0.0108258616565818,0.600071863086022,0.3987055117215754
265,cup,0.9755,767.7,352.2,1315.8,799.4,1041,575,0.0250535320358993,0.0108256002624256,0.6000573741443301,0.4014147007981801
266,cup,0.9747,769.2,350.5,1318.3,802.5,1043,576,0.025671085302612,0.0111344466372775,0.60003277401437,0.398856622229091
267,cup,0.9739,771.6,350.6,1319.7,800.7,1045,575,0.0262891959681833,0.0108249630457225,0.6000220535549559,0.3983931191426095
268,cup,0.9711,775.0,350.6,1320.9,801.1,1047,575,0.0269072225722952,0.0108247447129923,0.6000099514856367,0.398480264357652
269,cup,0.9723,777.6,350.7,1321.6,799.6,1049,574,0.0275255263710866,0.0105153696249095,0.6000044356495023,0.40219150557180205
270,cup,0.9683,780.6,350.7,1324.9,799.6,1052,574,0.0284524246798023,0.0105150265121008,0.599984857716014,0.401662069841999
271,cup,0.9683,783.0,350.7,1328.2,799.8,1055,574,0.0293794824038317,0.0105147621234766,0.5999697717653597,0.40121235525244786
272,cup,0.9661,784.9,350.6,1331.3,799.8,1057,574,0.0299980188893153,0.010514769507595,0.5999701931013627,0.4018736761139611
273,cup,0.9647,788.0,350.2,1333.9,800.2,1060,575,0.0309249802196731,0.0108237430768856,0.5999544313188582,0.40350694395626885
274,cup,0.9664,788.9,351.7,1338.1,799.9,1063,575,0.0318522540556764,0.0108235814752298,0.5999454738233988,0.4027533610365932
275,cup,0.9671,791.9,350.9,1341.5,800.2,1066,575,0.0327795475792792,0.0108234355214601,0.5999373836820941,0.3993783975732527
276,cup,0.9649,796.2,350.5,1343.4,799.9,1069,574,0.0337071225231945,0.0105141483099872,0.5999347477168091,0.4019719744681241
277,cup,0.9665,801.5,349.8,1347.3,799.3,1074,574,0.0352513310601808,0.0105135548775977,0.5999008866088634,0.401400471475064
278,cup,0.9704,806.3,349.1,1351.6,798.1,1078,573,0.036487627672778,0.0102041670610311,0.5998911503371067,0.40052066069919173
279,cup,0.9698,810.1,348.8,1357.8,797.4,1083,572,0.0380322741863406,0.0098945753980723,0.5998684471586626,0.39849070896968974
280,cup,0.9721,813.8,349.0,1362.8,796.5,1087,572,0.0392684770023737,0.0098944194021729,0.5998589897525384,0.40087272485932046
281,cup,0.9718,816.9,349.0,1366.5,797.9,1091,573,0.0405044234164411,0.0102034043720806,0.599846312738001,0.404347113493579
282,cup,0.9706,822.7,349.4,1369.9,797.3,1095,573,0.0417407057889752,0.010203283637305,0.5998392148805326,0.4024306098036496
283,cup,0.9707,827.1,349.5,1376.8,796.0,1101,572,0.0435933972807283,0.0098935369715128,0.5998054915185571,0.39994616031697977
284,cup,0.9704,830.6,348.4,1381.3,795.2,1105,571,0.0448303794341562,0.009584425947992,0.599809372010029,0.40155198441378576
285,cup,0.9699,836.3,347.4,1386.9,795.3,1111,571,0.0466825744062753,0.0095838397787717,0.5997726885619213,0.4028653212910837
286,cup,0.9742,841.3,347.2,1391.8,795.8,1116,571,0.0482273658071727,0.0095836432052715,0.5997603866641994,0.4010314555045365
287,cup,0.9742,847.5,346.7,1395.7,795.6,1121,570,0.0497724200879493,0.0092743639915433,0.5997520165322295,0.39956319131716445
288,cup,0.9776,854.0,346.4,1403.8,795.3,1128,570,0.0519318489418889,0.0092735444539087,0.5996990188981675,0.4003683088834031
289,cup,0.9742,861.0,345.9,1409.2,794.2,1135,569,0.0540920199992157,0.0089638204570129,0.5996584890641298,0.4017045612891637
290,cup,0.9768,864.4,345.8,1413.1,794.5,1138,569,0.0550232679814005,0.0089644650082057,0.5997016080217508,0.39957082683418754
291,cup,0.9694,869.4,345.2,1416.4,794.6,1142,569,0.0562606913005838,0.0089646156467963,0.5997116853888815,0.4001672809458835
292,cup,0.9665,875.9,344.7,1421.4,793.8,1148,568,0.0581120689068848,0.0086549889861317,0.5996769045560829,0.3947026354231461
293,cup,0.9611,880.8,344.9,1428.6,791.9,1154,567,0.0599638319078119,0.0083454817603655,0.5996481291243153,0.4017909927680772
294,cup,0.9636,885.9,345.0,1434.2,790.8,1159,567,0.0615088062588655,0.0083454159245696,0.5996433986230728,0.4095254376241645
295,cup,0.9633,889.9,344.6,1438.5,793.2,1163,568,0.0627464099173498,0.0086546772299792,0.5996553039549957,0.40229634722278
296,cup,0.9656,897.3,344.1,1441.7,794.0,1169,569,0.0645965414610824,0.0089631564706765,0.5996140699411516,0.4052924383061624
297,cup,0.9695,904.2,344.3,1447.2,791.7,1175,567,0.0664484044653831,0.0083446833514667,0.5995907610278732,0.40180978813557405
298,cup,0.9709,908.4,344.2,1454.5,789.1,1181,566,0.068299940349495,0.0080352870999405,0.5995658461571788,0.4089398846097413
299,cup,0.9712,913.0,344.2,1460.6,788.4,1186,566,0.0698451876894596,0.0080352870793183,0.5995658446184188,0.4018953556235803
300,cup,0.9661,919.6,344.1,1464.7,789.2,1191,566,0.0713900837390622,0.0080352475204139,0.5995628928672594,0.4014578041446743
301,cup,0.972,924.5,344.0,1470.4,788.6,1197,566,0.0732406824791795,0.008034842803623,0.5995326942742103,0.40856363842999277
302,cup,0.9722,930.2,343.8,1476.0,786.8,1203,564,0.0750923811391007,0.0074165314705284,0.5995127683661221,0.40868771547116767
303,cup,0.9734,936.6,343.1,1482.1,785.3,1209,564,0.0769431490530126,0.0074162071376397,0.5994865510287124,0.41472696875658077
304,cup,0.9742,943.0,343.2,1487.6,788.2,1215,565,0.0787939225924508,0.0077248943718089,0.5994616102471788,0.4130768465081407
305,cup,0.9747,948.4,342.6,1493.4,786.7,1220,564,0.0803406132116849,0.0074160566041555,0.5994743827063334,0.4114448398501778
306,cup,0.9766,955.0,342.5,1500.7,787.4,1227,564,0.0824959227903408,0.0074153638463227,0.5994183838653959,0.41574505695783687
307,cup,0.9749,959.7,342.4,1505.3,784.8,1232,563,0.0840432305924726,0.0071065967045105,0.5994357894745832,0.4146771612569333
308,cup,0.9743,963.0,343.1,1509.3,784.1,1236,563,0.0852846435526114,0.0071070536293842,0.5994743307248898,0.41879828683592724
309,cup,0.9707,969.3,343.3,1512.8,783.9,1240,563,0.0865244752198713,0.0071073676073465,0.5995008145167141,0.4229018834187971
310,cup,0.9656,975.3,343.1,1517.1,784.0,1246,563,0.0883718516790112,0.0071068272329274,0.5994552343635138,0.4157139389545501
311,cup,0.9617,979.1,343.4,1523.9,785.3,1251,564,0.089915704316923,0.0074157281910864,0.5994478355489453,0.4214554766125189
312,cup,0.9615,982.7,342.9,1528.8,785.2,1255,563,0.09115632985226,0.0071071036833965,0.5994785527410819,0.42574474959181813
313,cup,0.962,985.5,342.8,1532.6,784.6,1258,563,0.0920912225074639,0.0071077118042673,0.5995298472536932,0.4278474803380808
314,cup,0.9653,991.3,343.6,1535.5,784.9,1263,563,0.093631483498767,0.0071073403315895,0.599498513828268,0.4297573216259906
315,cup,0.968,996.9,343.4,1538.6,785.2,1267,564,0.0948685052304012,0.007416430376318,0.5995045964504205,0.43533850541044344
316,cup,0.9699,1000.4,343.7,1542.6,784.8,1271,563,0.0961059175674177,0.0071075115885871,0.5995129592200384,0.42742141908088305
317,cup,0.9682,1003.1,343.4,1546.8,786.2,1274,564,0.0970385480925183,0.007416959089874,0.5995473348287165,0.42877963154768967
318,cup,0.9691,1004.5,343.8,1550.6,786.9,1277,564,0.0979701987299227,0.0074173021120446,0.5995750629077964,0.4307831606644328
319,cup,0.972,1007.8,343.8,1554.2,784.5,1280,563,0.0989009673508604,0.007108507028343,0.599596923773084,0.42153417265619436
320,cup,0.9724,1009.1,344.1,1556.5,784.8,1282,564,0.0995267680341873,0.0074181442013058,0.5996431329033514,0.42663167187514467
321,cup,0.9702,1011.1,343.9,1558.7,784.1,1284,563,0.1001512789731279,0.0071095043715492,0.5996810488806417,0.42612989562015924
322,cup,0.9718,1013.6,343.8,1559.3,784.2,1286,563,0.100773429901328,0.0071097818642041,0.5997044551657581,0.4350081315473792
323,cup,0.9665,1014.8,343.3,1561.0,783.0,1287,563,0.101091776819977,0.0071104307855029,0.5997591911620801,0.43688870267871477
324,cup,0.9682,1015.9,343.4,1561.4,783.4,1288,563,0.1014076669073019,0.0071109034721583,0.5997990619061554,0.433305037578716
325,cup,0.9677,1016.3,343.3,1561.4,783.5,1288,563,0.101419203516093,0.0071117124416772,0.599867297842762,0.4404284985227694
326,cup,0.967,1017.0,343.2,1561.7,783.7,1289,563,0.1017308340607784,0.007111882016407,0.5998816013365756,0.4352374773500025
327,cup,0.9649,1016.5,342.5,1561.6,783.6,1288,562,0.1014365832114451,0.0068036732641822,0.5999700940640565,0.4340332634509263
328,cup,0.9651,1015.7,342.3,1560.5,784.0,1287,563,0.101137363768737,0.0071136372069753,0.6000296502674193,0.4341676654156086
329,cup,0.9638,1014.9,341.1,1560.1,782.8,1287,561,0.1011398012633513,0.0064952165948941,0.600044111481222,0.43126372337577495
330,cup,0.9624,1013.7,341.0,1558.9,783.2,1285,562,0.1005341117677312,0.0068053860273541,0.6001211311055791,0.4270343104171049
331,cup,0.9672,1011.2,340.4,1557.3,783.3,1284,561,0.1002289402112657,0.0064963201988783,0.6001460651362635,0.4273924189784662
332,cup,0.9675,1009.3,340.1,1555.1,783.6,1282,561,0.0996190269324487,0.0064968930608118,0.6001989875330596,0.42923254382221726
333,cup,0.967,1007.9,339.6,1551.8,784.0,1279,561,0.0987032431821641,0.0064977056640296,0.6002740578203474,0.4302730019334046
334,cup,0.9674,1005.0,338.6,1548.2,783.2,1276,560,0.0977841945558063,0.0061888730731522,0.6003305093054837,0.4274585889028349
335,cup,0.966,1003.2,339.0,1544.3,783.7,1273,561,0.0968613592619759,0.0064986854456916,0.6003645724642038,0.4263873497934669
336,cup,0.9624,1000.3,338.5,1540.8,783.7,1270,560,0.0959374373087771,0.0061895120844372,0.6003924944141786,0.4275935360276842
337,cup,0.9614,996.5,337.8,1536.3,784.1,1266,560,0.0947077197235491,0.0061900470407548,0.6004443860259164,0.43005104522512433
338,cup,0.9631,990.7,337.7,1533.4,782.6,1261,559,0.0931715160996861,0.0058812584913423,0.600517270223168,0.4258668245875081
339,cup,0.9631,985.1,336.9,1528.0,781.7,1256,558,0.0916315251528224,0.0055721873403743,0.6005677939986224,0.42813559707060705
340,cup,0.9612,981.6,336.1,1522.1,780.8,1251,558,0.0900884885243146,0.0055724838262462,0.6005997491098162,0.4280583083555683
341,cup,0.9617,977.0,336.5,1516.8,780.9,1246,558,0.0885432915553716,0.0055726547132751,0.6006181672353536,0.433116044953288
342,cup,0.9618,972.2,336.0,1512.7,781.8,1242,558,0.0873020659734742,0.0055724722961792,0.6005985064044806,0.42862773726288206
343,cup,0.9662,965.8,335.4,1508.3,781.7,1236,558,0.0854515346038743,0.0055729261698178,0.6006474246969374,0.4282677147369989
344,cup,0.9641,960.7,335.1,1503.5,781.4,1231,558,0.0839035110190957,0.0055729269311576,0.6006475067537874,0.4248022075424967
345,cup,0.9634,955.6,335.3,1497.8,781.9,1226,558,0.0823550873846946,0.0055729006500921,0.6006446741926067,0.42404637466466716
346,cup,0.9432,949.1,333.1,1490.5,782.7,1219,557,0.0801954951718075,0.0052637969803889,0.6007019532837351,0.4219461359560985
347,cup,0.9486,942.3,333.3,1484.7,782.4,1213,557,0.0783383168046378,0.0052638394690863,0.6007068020732365,0.4172530132077177
347,cup,0.1703,1655.5,403.3,1715.7,470.9,1685,436,0.2151389366990364,-0.0308613095402755,0.5756915383947744,0.41985922939188375
348,cup,0.9435,937.5,333.1,1479.5,781.6,1208,557,0.0776687730608814,0.0053240691211088,0.6075801806914266,0.420700929357062
349,cup,0.9513,931.4,334.2,1473.5,782.5,1202,558,0.0755575154469571,0.0056199804877902,0.6057189174907964,0.41617331335517527
350,cup,0.9524,926.7,334.1,1467.5,782.3,1196,558,0.0735183783493628,0.0056073339419005,0.6043558785793773,0.41851461880631186
351,cup,0.9559,920.1,334.2,1462.8,784.3,1191,559,0.0718383624304439,0.0059087830570495,0.6033277192260287,0.4194560785959341
352,cup,0.9674,914.5,335.3,1455.0,784.0,1184,559,0.0695808469287139,0.0059019468377034,0.6026296938312251,0.4087291345997658
353,cup,0.958,909.1,335.5,1447.7,782.9,1178,558,0.0676565243384728,0.0055863185233601,0.6020908464148402,0.41613568889813357
353,cup,0.2015,1609.7,400.4,1667.7,469.5,1638,434,0.2023271527796079,-0.0316322687236555,0.5789396724314437,0.41120889293912755
354,cup,0.9585,903.3,335.1,1440.3,783.1,1171,559,0.0660890401451214,0.0059511457950583,0.6076532485027456,0.40816449613313
355,cup,0.9608,894.7,335.6,1435.2,784.2,1164,559,0.0636986685678313,0.0059327191313176,0.6057717583718184,0.42514566428367323
356,cup,0.9552,887.5,334.0,1427.2,783.8,1157,558,0.0613731380582148,0.0056076978936439,0.6043951051312367,0.41702644436624686
357,cup,0.9589,881.6,334.1,1419.5,782.9,1150,558,0.0590932190936687,0.0055983049667686,0.6033827397838157,0.40822494355753774
358,cup,0.956,873.8,335.4,1414.4,781.9,1143,558,0.0568459540231106,0.0055914053137485,0.6026390983481493,0.4114292879040653
358,cup,0.168,1565.7,400.5,1624.7,468.4,1594,434,0.1900076613710102,-0.0317678424374244,0.5814209677860508,0.40927831494194883
359,cup,0.969,864.8,335.3,1408.5,783.1,1136,559,0.0550939937590291,0.0059476470535315,0.6072960027340092,0.4213785337404362
360,cup,0.9722,857.5,334.7,1401.6,782.5,1129,558,0.0527450009217279,0.0056178107490597,0.6054850640463076,0.4128770592967121
361,cup,0.9686,848.8,334.6,1392.1,783.1,1120,558,0.0498294266158849,0.005605810494287,0.6041916820948328,0.4149652509682381
362,cup,0.9651,840.4,335.1,1382.9,783.3,1111,559,0.0469519730666861,0.0059078641607088,0.6032338935383948,0.41570335480147125
363,cup,0.969,831.8,335.8,1375.1,782.2,1103,558,0.0444111787641162,0.0055902183059726,0.602511163194879,0.40334536419138894
364,cup,0.9689,825.6,335.5,1367.4,782.9,1096,558,0.0421983161303038,0.0055850712525402,0.6019564161383463,0.4038365987803822
365,cup,0.9701,816.8,335.7,1358.8,782.8,1087,558,0.0393808693137529,0.0055815405326578,0.6015758767699754,0.4066151513882258
366,cup,0.9686,810.4,335.1,1350.1,782.5,1080,558,0.0371907266530006,0.0055786089979501,0.6012599173046975,0.3993462140172605
367,cup,0.9643,803.2,334.9,1342.7,782.8,1072,558,0.0346984995436975,0.0055765445695228,0.6010374141563449,0.40436967119139433
368,cup,0.959,793.4,334.6,1335.4,784.2,1064,559,0.0322109097199613,0.0058846854296083,0.600867184381125,0.40295270340342837
369,cup,0.9604,788.5,334.0,1327.3,782.2,1057,558,0.0300360152593771,0.0055736935532864,0.6007301329349655,0.4013689826236326
370,cup,0.958,781.6,333.8,1320.1,780.6,1050,556,0.0278637310489296,0.0049535521864763,0.6006280286872924,0.3965098597376945
371,cup,0.9721,770.8,333.8,1315.0,782.6,1042,557,0.0253837481601879,0.0052624843746731,0.6005521593573515,0.4055013097850719
372,cup,0.9703,765.2,333.4,1306.9,782.1,1035,557,0.0232141867279643,0.0052618823250052,0.6004834537418414,0.402569652533854
373,cup,0.9666,756.3,333.4,1298.0,782.4,1027,557,0.0207362902483125,0.0052614467794225,0.6004337494916173,0.4057449112556117
374,cup,0.9549,747.9,333.6,1290.9,783.6,1018,558,0.0179496572161423,0.0055705832739752,0.6003949084583652,0.41275601066393613
375,cup,0.9647,740.0,334.3,1283.4,783.6,1011,558,0.0157820675546465,0.0055701414898752,0.6003472931708438,0.40488897741196306
376,cup,0.9646,733.5,334.6,1276.0,782.5,1004,558,0.0136149815042424,0.0055697651608264,0.6003067325986938,0.40171035654445936
377,cup,0.9622,727.0,334.7,1269.1,783.1,998,558,0.0117576067383732,0.0055693926655452,0.6002665852282533,0.401060684970393
378,cup,0.9664,720.0,334.8,1262.6,783.4,991,558,0.0095912382831819,0.005569106099912,0.6002356993158421,0.39916256435163533
379,cup,0.9705,715.2,335.0,1255.3,784.3,985,559,0.0077344019431352,0.0058781454767827,0.6001994098522602,0.4044831485005157
380,cup,0.9692,709.9,334.6,1249.3,783.5,979,558,0.005877882182024,0.0055685199619175,0.6001725256318141,0.40307428809348345
381,cup,0.967,702.0,334.6,1245.0,784.2,973,559,0.0040215201357354,0.0058776063522287,0.6001443614972273,0.3975344524257558
382,cup,0.9653,695.9,334.7,1239.3,785.7,967,559,0.0021653506022889,0.0058773802062129,0.6001212704210065,0.400896051620234
383,cup,0.9634,692.7,335.0,1235.8,784.8,963,559,0.0009279743168454,0.0058771706733544,0.6000998756633384,0.4015499827039014
384,cup,0.963,687.5,335.4,1230.1,783.9,958,559,-0.0006186322940092,0.0058770067930881,0.6000831423518704,0.4022030149522253
385,cup,0.9673,685.6,334.2,1225.9,782.7,955,558,-0.0015465511163111,0.00556758401872,0.6000716501035717,0.40550535473504346
386,cup,0.9651,681.2,334.4,1224.3,784.2,952,559,-0.002474429178931,0.0058767692999611,0.6000588926569198,0.40999902473813743
387,cup,0.9674,676.8,334.7,1222.0,784.3,949,559,-0.00340229578707,0.0058766927231209,0.6000510736305847,0.4100457191130753
388,cup,0.9733,673.9,334.1,1219.8,783.0,946,558,-0.0043301627114172,0.0055673520575365,0.6000466494336806,0.41129231369230507
389,cup,0.975,672.3,334.5,1218.2,784.3,945,559,-0.0046394116573919,0.0058765880993631,0.6000403908194912,0.4119312129941421
390,cup,0.9758,670.8,334.7,1216.4,785.6,943,559,-0.0052579727248099,0.0058765577512581,0.6000372920675537,0.41111716416251526
391,cup,0.9758,669.2,335.7,1213.8,787.1,941,561,-0.0058764952506729,0.0064950736981121,0.6000309103244473,0.4081400909523953
392,cup,0.9752,665.9,336.4,1212.8,787.2,938,561,-0.0068043255839403,0.0064950380573975,0.6000276177474229,0.41091455557169804
393,cup,0.9738,664.6,336.5,1211.2,787.6,937,561,-0.0071136468070754,0.0064950688238514,0.6000304600282361,0.4124192501836444
394,cup,0.9739,664.1,336.8,1210.9,789.0,937,562,-0.0071136765976854,0.0068043863108295,0.6000329728425329,0.4166820479140392
395,cup,0.9754,664.2,337.6,1211.0,788.6,937,562,-0.0071137319993346,0.0068044393037113,0.6000376459276564,0.412022877905346
396,cup,0.974,664.6,337.8,1211.2,788.8,937,562,-0.0071137680431019,0.0068044737803583,0.6000406861908091,0.41616044052826445
397,cup,0.9733,665.0,337.7,1211.3,788.5,938,562,-0.0068045386669627,0.0068045386669627,0.6000464081031672,0.41981778678174847
398,cup,0.9743,665.7,338.6,1212.6,788.7,938,563,-0.0068045325055524,0.0071138294376229,0.6000458647699145,0.4192572294250942
399,cup,0.9726,666.2,340.7,1213.5,789.7,939,564,-0.0064952443703281,0.0074231364232322,0.6000466774442526,0.4192005496552131
400,cup,0.9734,668.7,341.7,1214.4,791.8,941,566,-0.0058766520404865,0.0080417343711921,0.6000469196515399,0.4201474201550698
401,cup,0.9743,669.7,342.7,1215.3,792.8,942,567,-0.0055673580646394,0.0083510370969592,0.6000472968764818,0.4125601574572469
402,cup,0.9763,671.0,342.8,1216.6,792.8,943,567,-0.0052580940208306,0.0083510905036721,0.6000511343104893,0.41223181115862284
403,cup,0.9755,672.4,342.8,1219.0,793.7,945,567,-0.0046395230715801,0.0083511415288443,0.6000548006235773,0.4287906132260795
404,cup,0.9727,673.5,342.8,1220.3,793.5,946,567,-0.0043302274309213,0.0083511529024912,0.600055617854538,0.4222895386971711
405,cup,0.9676,678.1,343.0,1222.3,791.4,950,567,-0.0030930395193017,0.0083512067021147,0.6000594835203592,0.41629920221497785
406,cup,0.9665,682.6,342.8,1224.7,791.5,953,566,-0.00216514080138,0.0080419515479831,0.6000631246464387,0.4105730398534394
407,cup,0.9661,684.6,343.8,1227.8,791.6,955,567,-0.0015465147258112,0.0083511795193805,0.6000575303586148,0.4175885083485867
408,cup,0.965,687.9,344.3,1232.8,793.7,959,568,-0.0003093010047332,0.0086604281325296,0.6000537658646907,0.40931503557069443
409,cup,0.965,692.7,344.1,1235.9,795.1,963,569,0.0009278986954728,0.0089696873895712,0.6000509730423903,0.4077406065469993
409,cup,0.1706,1360.3,402.2,1418.2,469.5,1389,435,0.1302686295011597,-0.0318839302974866,0.5891032068406784,0.4157165747664799
410,cup,0.9638,695.9,344.2,1240.2,795.6,967,569,0.0021757770699773,0.0090139335756202,0.60301093874008,0.41683903252340176
411,cup,0.964,699.4,344.4,1244.2,795.4,971,569,0.0034145230162387,0.0090019243155384,0.6022075475086313,0.41400428770178593
411,cup,0.186,1370.7,401.6,1426.7,470.1,1398,435,0.1332542528922995,-0.0319445126796608,0.5902225567854272,0.41522077092519505
412,cup,0.9682,705.9,344.5,1247.4,794.9,976,569,0.0049835864106379,0.0090327503692812,0.6042697379440465,0.4138796933663684
413,cup,0.9683,711.2,344.2,1250.4,793.5,980,568,0.0062176743216263,0.0087047440502768,0.6031242761125732,0.4049370028130771
414,cup,0.9712,714.7,344.9,1255.8,793.2,984,568,0.0074507957735538,0.0086925950691461,0.6022825115060949,0.4098785491152497
415,cup,0.9699,718.8,344.7,1262.1,794.9,990,569,0.0093038321207364,0.0089937043833785,0.6016576533956418,0.41320540776127684
416,cup,0.9711,723.2,345.0,1267.6,794.8,995,569,0.0108462860556327,0.0089869227318099,0.6012039768687102,0.41049549887662456
417,cup,0.9686,730.1,345.1,1271.9,793.2,1000,569,0.012388870136246,0.0089819308487783,0.600870031644051,0.4116210515453288
418,cup,0.9709,735.6,345.1,1278.9,791.2,1006,568,0.0142412888541604,0.0086686106068802,0.6006207037196138,0.4066893193592391
419,cup,0.97,743.1,344.5,1286.4,793.0,1014,568,0.016712411167079,0.0086656946792261,0.6004186682840607,0.41495101111478494
420,cup,0.9751,751.4,344.7,1294.2,793.5,1022,568,0.0191833282309919,0.0086634385559318,0.6002623486127585,0.4088054790011291
421,cup,0.9745,758.7,344.6,1299.4,791.3,1028,567,0.021036206701301,0.0083526114843401,0.6001604213760104,0.40907132515520117
422,cup,0.9728,766.7,343.9,1309.9,791.7,1037,567,0.023816139977558,0.0083511140181047,0.6000528238936558,0.4101932671935345
423,cup,0.9726,772.7,344.3,1315.6,792.8,1043,568,0.0256693094533704,0.008659526080655,0.5999912655337546,0.4112383482262237
424,cup,0.9699,780.9,344.9,1320.3,790.5,1050,567,0.0278316751136028,0.0083495025340808,0.5999370338880221,0.4034819422067181
425,cup,0.9659,787.6,345.2,1329.2,791.0,1058,568,0.0303024099683377,0.008657831419525,0.5998738478059723,0.40169661856645866
426,cup,0.9666,793.5,344.8,1337.0,792.7,1065,568,0.0324648230805085,0.0086572861548022,0.5998360681321169,0.4007047915055836
427,cup,0.9671,802.4,344.4,1343.0,793.4,1072,568,0.0346272465778095,0.0086568116444523,0.599803190805726,0.3994572244434311
428,cup,0.9729,810.1,344.0,1349.3,790.6,1079,567,0.0367897345016236,0.0083472506852423,0.5997752317318543,0.4017258071959791
429,cup,0.9711,816.5,344.3,1358.7,790.7,1087,567,0.0392601888663659,0.0083466543259203,0.5997323815091817,0.40134725274535993
430,cup,0.9713,824.5,344.7,1366.7,792.8,1095,568,0.0417303287596684,0.0086551792983016,0.5996900906864273,0.4049442252341112
431,cup,0.971,831.7,344.8,1375.1,788.6,1103,566,0.0442011075066076,0.0080365650012013,0.599661198811192,0.4022804533308733
432,cup,0.9704,841.1,344.3,1383.7,788.8,1112,566,0.0469790371899213,0.0080358879403812,0.5996106788312014,0.40179548497766465
433,cup,0.9736,849.3,343.8,1392.3,791.0,1120,567,0.0494491195276945,0.0083445389202984,0.5995803832111904,0.4008276186067372
434,cup,0.9748,859.9,343.8,1403.1,789.8,1131,566,0.0528413305373696,0.0080343543507111,0.5994962475760658,0.39936141845497575
435,cup,0.9756,865.5,344.4,1411.2,789.1,1138,566,0.05500495808176,0.0080344320793582,0.5995020474238436,0.3932710725670019
436,cup,0.9633,875.8,344.3,1417.3,790.3,1146,567,0.0574746952866713,0.0083431009287103,0.5994770591622917,0.40325197380460426
437,cup,0.9646,884.1,344.4,1427.1,788.8,1155,566,0.0602515615594018,0.0080335415412535,0.5994355984935699,0.40624057664536967
438,cup,0.9648,890.8,344.4,1435.9,789.3,1162,566,0.062414802986097,0.008033588503161,0.5994391026316817,0.4031060447981313
439,cup,0.9683,902.4,344.1,1442.4,792.0,1172,568,0.0654957777291781,0.0086503857378159,0.5993579599906592,0.4034024077179356
440,cup,0.9739,908.5,344.1,1452.1,789.6,1180,566,0.0679664516742262,0.0080323988342267,0.5993503335743532,0.40217295687008275
441,cup,0.9721,916.7,344.5,1461.5,791.3,1188,567,0.0704354001264515,0.0083410342255008,0.599328560280067,0.41019702686329984
442,cup,0.9711,924.9,344.9,1470.5,791.0,1197,567,0.0732101693459466,0.0083403990394116,0.5992829202366313,0.40386406213729836
443,cup,0.9722,933.8,343.8,1480.2,787.4,1206,565,0.0759855325571342,0.0077221069671884,0.5992453041099338,0.41260637897544544
444,cup,0.9746,943.1,343.8,1488.9,790.7,1215,566,0.0787594930679315,0.0080303796853577,0.5991996715401147,0.41503760040218607
445,cup,0.9752,951.1,343.5,1498.4,791.2,1224,567,0.0815334390079169,0.0083386471712642,0.5991570432067328,0.4185827444653547
446,cup,0.9748,958.1,343.7,1505.1,788.8,1231,565,0.0836997658990724,0.0077213806179956,0.5991889384904473,0.41251290338111873
447,cup,0.9761,964.6,344.4,1511.0,786.9,1237,565,0.0855591221413691,0.0077219424315315,0.5992325359340726,0.42131683842109546
448,cup,0.9678,972.5,344.0,1516.1,787.6,1244,565,0.08772064878861,0.0077218880975889,0.5992283195511484,0.4189009699874814
449,cup,0.9612,979.2,344.3,1525.7,787.6,1252,565,0.0901854265586958,0.0077213550135869,0.599186951555831,0.41722350367042976
450,cup,0.9626,984.2,344.3,1533.0,787.3,1258,565,0.0920430703218574,0.0077217340874041,0.59921636816529,0.4184271011022239
451,cup,0.9627,992.5,344.2,1538.6,787.7,1265,565,0.0942026970210373,0.0077215325427079,0.5992007280409998,0.4230858553946272
452,cup,0.9702,1000.4,344.2,1546.9,789.5,1273,566,0.0966647670914134,0.0080296611641429,0.5991460579262202,0.4227615104494881
453,cup,0.9711,1005.6,344.5,1555.2,788.7,1280,566,0.0988252695772262,0.0080295531531496,0.5991379985125606,0.4211194472653859
454,cup,0.9678,1011.6,344.4,1560.9,787.5,1285,565,0.100380479936979,0.0077215753797676,0.5992040522512113,0.42209528162768656
455,cup,0.9668,1019.1,344.8,1568.8,789.4,1293,566,0.1028392601051477,0.0080294917799815,0.599133419055097,0.42482033100458144
456,cup,0.9691,1023.7,344.1,1575.5,788.8,1299,566,0.1046957436707909,0.008029762051447,0.5991535857943738,0.4209579355266488
457,cup,0.97,1029.1,343.8,1582.8,787.3,1305,565,0.1065512851746423,0.0077211076213508,0.5991677536042391,0.41870619038562584
458,cup,0.9703,1035.3,343.6,1587.1,787.0,1311,565,0.1084048672559491,0.0077211443914493,0.5991706070105617,0.42249067123538425
459,cup,0.9702,1040.1,344.1,1594.8,787.3,1317,565,0.1102578318094104,0.0077211366813312,0.5991700086956084,0.4175966370640218
460,cup,0.9731,1045.0,343.8,1598.0,790.3,1321,566,0.1115072445632589,0.0080309926832264,0.5992454113601434,0.41683583660353785
461,cup,0.9732,1049.8,343.5,1601.5,790.9,1325,566,0.1127534433394721,0.0080317521282911,0.5993020785728017,0.42688420712126385
462,cup,0.9741,1052.8,343.4,1603.5,791.0,1327,567,0.113393818112015,0.0083423244932545,0.5994212699242517,0.4180750945383169
463,cup,0.9716,1056.0,343.7,1606.2,789.9,1331,566,0.114631607613027,0.0080334819351447,0.5994311508880726,0.4138674637519529
464,cup,0.9714,1057.6,343.6,1608.3,789.3,1332,566,0.1149651864474559,0.0080352012033168,0.5995594368427042,0.41651908226948
465,cup,0.9684,1060.1,343.5,1610.2,787.0,1335,565,0.1158950784505483,0.0077263385633698,0.5995736813457577,0.42215288402555096
466,cup,0.9639,1063.2,343.7,1613.3,788.4,1338,565,0.1168236190319082,0.0077264298301526,0.599580763763967,0.4217165513527954
467,cup,0.9598,1065.7,343.3,1615.4,789.9,1340,566,0.1174504929019675,0.0080360863564504,0.59962548396472,0.41647509497648644
468,cup,0.9623,1067.0,343.4,1616.1,789.9,1341,566,0.1177747351097595,0.0080371210311122,0.5997026878755921,0.4190889614551743
469,cup,0.9622,1067.9,344.2,1616.5,788.3,1341,566,0.1177943115988729,0.0080384569595031,0.5998023703170727,0.42066912748165375
470,cup,0.9641,1070.2,343.4,1617.9,789.1,1343,566,0.1184100572823342,0.00803828065102,0.5997892147765777,0.41965762512832583
471,cup,0.9633,1070.0,344.0,1617.9,787.9,1343,565,0.1184256279431991,0.0077301323722714,0.5998680857328804,0.42582045282725506
472,cup,0.9634,1070.5,343.4,1619.2,789.4,1344,566,0.118736722341932,0.0080394655752349,0.5998776297990536,0.41967440883735974
473,cup,0.9633,1070.5,343.3,1619.5,789.3,1344,566,0.1187471078086785,0.0080401687578792,0.5999300989008896,0.41730440765018195
474,cup,0.9636,1070.2,343.4,1618.7,789.4,1344,566,0.1187548628763537,0.0080406938405864,0.5999692787900104,0.42066526717080677
475,cup,0.9669,1069.5,343.9,1617.6,787.5,1343,565,0.1184602109684559,0.0077323897498992,0.6000432611026038,0.4187499336719042
476,cup,0.9649,1067.7,343.3,1617.0,787.0,1342,565,0.1181609912203228,0.0077330491636336,0.6000944324455458,0.42380629865220065
477,cup,0.965,1065.7,343.5,1615.2,786.6,1340,564,0.1175584881185407,0.007424746618013,0.6001768369850744,0.4222677650666931
478,cup,0.9649,1064.1,342.5,1613.9,788.2,1338,565,0.1169502284411377,0.0077348034683292,0.6002305687170629,0.41678125660820275
479,cup,0.9677,1061.6,342.7,1610.7,786.3,1335,564,0.1160387749550868,0.0074264815971255,0.6003170834243837,0.41824188806895446
480,cup,0.9653,1058.3,342.3,1609.0,786.6,1333,564,0.1154229761547606,0.0074266794308693,0.6003330752469588,0.4250840512984955
481,cup,0.9687,1056.6,342.8,1606.5,786.2,1331,564,0.114806328168371,0.0074268244637221,0.6003447989276884,0.4160243251145462
482,cup,0.9702,1053.8,342.6,1604.2,788.1,1328,565,0.1138868700946534,0.007736879761865,0.6003916917313624,0.41965303745318483
483,cup,0.9713,1050.5,342.4,1601.0,787.6,1325,564,0.1129659292117378,0.0074278967152923,0.6004314740142589,0.4191330610783926
484,cup,0.9676,1045.7,341.9,1596.7,787.6,1320,564,0.1114381511050965,0.0074292100736731,0.6005376388868584,0.4224762513560163
485,cup,0.9598,1040.8,341.9,1592.8,786.9,1316,563,0.1102070093996047,0.0071201157758171,0.6005761124053182,0.41089060098147934
486,cup,0.9557,1037.2,342.0,1586.1,786.2,1311,564,0.1086702547611433,0.0074304447699927,0.6006374451388241,0.41215000040592187
487,cup,0.9608,1033.1,342.3,1582.8,787.4,1307,564,0.1074327261444332,0.0074305055546582,0.6006423586463349,0.4066487078892172
488,cup,0.9566,1028.7,342.6,1577.6,788.1,1302,565,0.1058910989463501,0.0077405774083589,0.600678633793566,0.4213220433279671
489,cup,0.9623,1024.3,342.7,1574.9,788.4,1299,565,0.1049534929124002,0.0077399331056342,0.6006286350841672,0.4248771487594141
490,cup,0.9629,1021.2,343.2,1570.4,787.7,1295,565,0.1037152214089241,0.0077399418961883,0.6006293172423276,0.42060092839765933
491,cup,0.9677,1016.9,343.1,1565.5,788.1,1290,565,0.1021729923644241,0.007740378209426,0.6006631757034869,0.42318948434556203
492,cup,0.9668,1011.0,343.1,1560.0,787.3,1285,565,0.1006287266623259,0.0077406712817173,0.6006859184853567,0.4246327897064649
493,cup,0.9714,1007.3,342.7,1555.2,789.1,1281,565,0.0993864614216544,0.0077403786153936,0.6006632072070863,0.4219226417111885
494,cup,0.97,1002.4,342.5,1549.1,789.8,1275,565,0.0975377492683346,0.0077410912117725,0.6007185055907553,0.42209550089753345
495,cup,0.9664,996.2,341.6,1541.8,788.1,1268,564,0.0953820526581345,0.0074323677395948,0.6007928877246571,0.4194969412097376
496,cup,0.9652,989.5,342.2,1534.8,787.3,1261,564,0.0932214528914012,0.0074329397654273,0.6008391272359094,0.4207260676309818
497,cup,0.9629,983.0,341.4,1530.3,786.7,1256,563,0.0916675537172176,0.0071228166739729,0.6008039310202822,0.4200050946909684
498,cup,0.962,977.5,339.4,1521.6,787.2,1249,563,0.0895047180116323,0.0071232128521368,0.6008373483338416,0.42176007020320605
499,cup,0.9653,970.9,339.6,1513.6,785.4,1241,562,0.0870347118274133,0.0068141055523241,0.6008900472503359,0.4168909087095471
500,cup,0.9635,962.7,338.9,1508.6,785.8,1235,561,0.0851722237626746,0.0065040607236951,0.6008611538893862,0.41454753197975985
501,cup,0.9675,956.9,338.3,1502.2,786.5,1229,562,0.0833096502612868,0.0068134286459045,0.6008303554349717,0.4199826499638466
502,cup,0.9608,948.2,338.1,1491.5,786.9,1219,562,0.0802254986389408,0.00681452111991,0.6009266933551525,0.41989539669592746
502,cup,0.1802,1663.9,403.4,1725.1,472.0,1694,437,0.2176987471840278,-0.0305490067574317,0.575398472644523,0.41849120131658246
503,cup,0.9556,939.7,338.5,1485.5,786.1,1212,562,0.0789622859419791,0.0068935328996965,0.607894209740789,0.41761720346045855
504,cup,0.9571,932.4,338.7,1477.2,785.6,1204,561,0.0762186523494947,0.0065598020464729,0.6060106746190349,0.4118341632850167
505,cup,0.9588,925.2,338.9,1467.3,786.2,1196,562,0.0735508517347124,0.006856435331202,0.6046228251820367,0.41635077296258977
506,cup,0.9652,915.4,339.6,1459.4,787.0,1187,563,0.0706297461856166,0.0071563178954589,0.6036297324530635,0.41521790215130483
507,cup,0.9622,908.5,339.7,1450.3,785.9,1179,562,0.0680556157777152,0.0068366372014143,0.6028769615390037,0.41705200281874155
508,cup,0.9638,902.2,340.1,1441.4,784.9,1171,562,0.0655086950228558,0.0068302904763167,0.6023172866243001,0.4147198783346443
508,cup,0.2339,1610.7,400.8,1669.5,469.4,1639,434,0.202603448082293,-0.0316288151645405,0.5788764647494344,0.4144329983946044
509,cup,0.9586,892.8,340.4,1437.1,784.2,1164,562,0.0639160409304656,0.0068929063748541,0.6078389607371901,0.4142970286958324
510,cup,0.9575,885.5,339.1,1428.7,783.6,1156,561,0.0612160195097147,0.0065588592331837,0.6059235752045448,0.4110523468212774
511,cup,0.9601,879.7,338.1,1420.0,782.5,1149,560,0.0588905079161143,0.0062317997794829,0.6044944679405552,0.4111738074875308
512,cup,0.9679,871.7,337.5,1413.7,784.3,1142,560,0.0566107102350724,0.0062209571686892,0.6034427174872729,0.4141014557554305
513,cup,0.9741,863.6,337.8,1406.8,782.9,1134,559,0.0540548955049377,0.005902546060884,0.6026908786727345,0.4096246427885684
514,cup,0.9735,856.7,337.4,1399.3,783.1,1127,560,0.0518302145288074,0.0062072113208152,0.602109348430014,0.4015817225197858
515,cup,0.9745,848.3,336.7,1391.0,784.4,1119,560,0.049313790384068,0.0062029925011406,0.6017001162266707,0.40210833063214463
516,cup,0.972,840.6,337.3,1382.3,783.0,1111,560,0.0468087936379553,0.0061998402169477,0.6013943396575557,0.40460377043717244
517,cup,0.9703,833.2,338.2,1375.1,782.4,1104,560,0.0446204648488673,0.0061972867845649,0.6011466526643438,0.4041601510008288
518,cup,0.9684,826.9,338.2,1367.8,783.0,1096,560,0.0421295294298735,0.0061955190338049,0.600975178035357,0.4054554943790157
519,cup,0.9664,818.8,338.2,1362.5,785.3,1090,561,0.0402597578786402,0.0065034993496265,0.6008092927698515,0.4093750489639771
520,cup,0.9705,813.8,337.8,1354.8,784.6,1083,560,0.0380852950600127,0.0061927309040671,0.6007047250262666,0.40442792247994297
521,cup,0.9692,808.9,337.8,1347.5,784.6,1077,560,0.0362215419010582,0.0061917165642834,0.6006063324575832,0.3987951165849941
522,cup,0.9672,802.4,337.6,1342.8,784.5,1072,560,0.0346685659681584,0.0061908153514568,0.600518913383256,0.39889472423638234
523,cup,0.9655,794.7,338.3,1337.8,785.3,1065,561,0.0324993211709613,0.0064998642341922,0.6004734718501026,0.3952624278208487
524,cup,0.9627,789.6,337.9,1332.4,784.7,1060,560,0.0309487996825702,0.006189759936514,0.6004165364589494,0.40522621344154336
525,cup,0.9631,784.6,338.4,1327.1,784.9,1055,561,0.029398963444166,0.0064987182350261,0.6003676016237097,0.40357715788207144
526,cup,0.9626,782.1,337.2,1321.0,784.9,1051,560,0.0281590504502341,0.0061888022967547,0.6003236438826057,0.39990309880985486
527,cup,0.9672,775.1,337.4,1318.3,783.9,1046,560,0.0266106590705351,0.0061885253652407,0.6002967810862797,0.39944216097905016
528,cup,0.9737,770.7,337.7,1315.6,784.3,1042,560,0.0253715652170694,0.0061881866383096,0.6002639240364305,0.39800476230063964
529,cup,0.9748,768.1,336.8,1311.9,784.7,1039,560,0.0244419727409105,0.0061878412002305,0.6002304159945763,0.40075849686161036
530,cup,0.9758,765.0,336.3,1308.7,783.5,1036,559,0.0235128397218524,0.0058782099304631,0.6002059910199179,0.4008235180089714
531,cup,0.9759,760.1,337.0,1304.5,784.5,1032,560,0.0222748228061367,0.0061874507794824,0.6001925445624486,0.3995637670759588
532,cup,0.9744,756.8,335.9,1299.1,783.8,1027,559,0.0207280107774854,0.0058780926085406,0.6001940116381724,0.40181094932933786
533,cup,0.9713,751.8,335.1,1295.2,783.0,1023,559,0.0194901021137085,0.0058779673041343,0.600181217189478,0.40145986761009184
534,cup,0.9729,747.8,337.2,1291.4,784.4,1019,560,0.0182522156208041,0.0061871917358658,0.6001674169205574,0.40248388704267474
535,cup,0.9721,743.4,337.9,1286.7,784.8,1014,560,0.0167053583046752,0.0061871697424722,0.600165283526484,0.4012671052683714
536,cup,0.969,739.8,338.0,1283.8,784.6,1011,561,0.0157767828117994,0.0064963223342703,0.6001462624090411,0.40187283250675127
537,cup,0.9699,736.7,337.7,1280.6,783.4,1008,560,0.0148484654598683,0.0061868606082784,0.6001352970191149,0.40366107039397375
538,cup,0.9687,733.6,337.8,1277.2,783.6,1005,560,0.0139202025572174,0.0061867566920966,0.6001252169845688,0.4011003317821018
539,cup,0.9667,731.3,337.7,1273.6,783.4,1002,560,0.0129920019127042,0.0061866675774782,0.6001165727251674,0.4009622333252228
540,cup,0.9701,728.3,337.9,1271.3,783.4,999,560,0.0120638578052211,0.0061865937462672,0.6001094109805406,0.3999484128555202
541,cup,0.969,724.6,338.0,1269.0,782.7,996,560,0.0111357621975659,0.0061865345542033,0.6001036692564043,0.4007123329442189
542,cup,0.968,721.6,338.8,1266.1,784.1,993,561,0.010207666615191,0.0064957878460306,0.6000968850686241,0.3990885037283449
543,cup,0.9676,719.1,338.0,1259.3,786.1,989,562,0.0089703172232836,0.0068050682383531,0.6000931074352152,0.40294823140029074
544,cup,0.9673,716.8,339.5,1256.8,785.5,986,562,0.0080423035916138,0.0068050261159809,0.6000893929470841,0.4021852715659029
545,cup,0.9712,715.1,341.2,1255.1,787.4,985,564,0.0077327938455824,0.0074234820917591,0.6000746194406357,0.40401497562820143
546,cup,0.9703,713.3,340.1,1252.3,785.3,982,562,0.0068049216079481,0.0068049216079481,0.6000801770879716,0.401021787742901
547,cup,0.9681,712.3,340.2,1252.0,785.4,982,562,0.0068048111788359,0.0068048111788359,0.6000704390887637,0.3990168266181774
548,cup,0.9682,711.5,340.3,1249.3,785.2,980,562,0.0061861775488194,0.0068047953037014,0.6000690391676364,0.39891965713433497
549,cup,0.9687,710.0,341.6,1248.9,786.5,979,563,0.0058768069213783,0.0071140294311421,0.6000627340644662,0.4012302152186844
550,cup,0.9674,709.3,340.7,1247.9,787.4,978,563,0.0055674891254259,0.0071140138824886,0.6000614225478904,0.3999578951737981
551,cup,0.9673,707.2,342.6,1247.3,788.6,977,565,0.0052581201913988,0.0077325296932336,0.6000541208830148,0.4012978388501013
552,cup,0.9677,707.8,340.8,1247.3,786.9,977,563,0.0052581518238433,0.0071139701146116,0.600057730762211,0.3966523935160552
553,cup,0.9674,706.4,342.6,1246.9,787.5,976,564,0.0049488169381418,0.0074232254072128,0.600053870433695,0.398645624859052
554,cup,0.9693,707.4,341.4,1247.2,786.5,977,563,0.005258104475779,0.0071139060554657,0.6000523274241174,0.3986252457954089
555,cup,0.9686,707.6,342.5,1247.0,787.3,977,564,0.005258063798106,0.0074231488914438,0.6000476853078471,0.39906832258644537
556,cup,0.9683,707.7,342.5,1247.2,787.4,977,564,0.0052580559490302,0.0074231378103956,0.6000467895751348,0.4009544490823115
557,cup,0.9687,709.1,342.2,1247.3,786.9,978,564,0.0055673197384118,0.007423092984549,0.6000431660932543,0.3972154821512092
558,cup,0.9701,710.8,342.5,1247.9,785.5,978,563,0.0055673381098457,0.0071138209181362,0.6000451461579761,0.39909724289383475
559,cup,0.9696,712.0,343.1,1248.9,785.9,980,564,0.0061858435308161,0.0074230122369793,0.6000366388912503,0.40062879340993535
560,cup,0.9702,712.7,343.1,1249.2,786.1,980,564,0.0061858617415908,0.007423034089909,0.6000384053652997,0.39898803977977004
561,cup,0.9703,714.0,343.6,1250.3,785.3,982,564,0.0068044058544861,0.007422988204894,0.6000346962659059,0.40104669221251316
562,cup,0.97,715.4,343.4,1252.5,787.3,983,565,0.0071136513611029,0.0077322297403293,0.600030844156843,0.40128713344942346
563,cup,0.9698,716.4,343.8,1254.9,787.4,985,565,0.0077322001070334,0.0077322001070334,0.6000285445754642,0.39889656875675616
564,cup,0.966,717.5,344.0,1255.7,789.7,986,566,0.0080414613759665,0.0080414613759665,0.6000265496745387,0.39734598758160383
565,cup,0.9679,719.4,344.1,1258.5,789.9,988,566,0.0086600097458552,0.0080414376211513,0.6000247771708627,0.39868590852492014
566,cup,0.9688,720.7,344.3,1260.1,790.6,990,567,0.0092785172251267,0.008350665502614,0.600020596697837,0.39810724812072523
567,cup,0.9716,721.6,344.5,1262.5,790.0,991,567,0.0095878540234865,0.0083507115688431,0.6000239066958526,0.39968743077700614
568,cup,0.9696,723.3,344.3,1264.5,788.2,993,566,0.0102064582482923,0.0080414519532,0.6000258465796838,0.39981920662923176
569,cup,0.9701,726.0,344.8,1266.8,788.8,996,566,0.0111341887884967,0.0080413585694698,0.6000188786027475,0.4017776922077113
570,cup,0.9684,728.3,345.3,1268.4,787.7,998,566,0.0117527208507511,0.008041335318935,0.6000171437267646,0.40527839986979514
571,cup,0.9635,729.9,344.9,1269.7,788.4,999,566,0.0120620598687162,0.0080413732458108,0.6000199737014889,0.40347400125921434
572,cup,0.9619,731.9,345.1,1271.4,788.1,1001,566,0.0126805585012459,0.0080413297812779,0.6000167305255939,0.40230211040857106
573,cup,0.9654,733.1,344.9,1272.8,787.7,1002,565,0.0129899541209321,0.0077321155481738,0.6000219827006097,0.40697348899390173
574,cup,0.9711,734.4,344.6,1273.3,787.7,1003,565,0.0132992525537582,0.0077321235777664,0.6000226058071847,0.40125711779164785
575,cup,0.9685,737.3,344.5,1276.7,785.1,1006,564,0.0142269065826543,0.0074227338692109,0.6000141371285174,0.4054676982618015
576,cup,0.9707,739.0,345.1,1278.2,787.2,1008,566,0.0148452257153969,0.0080411639291733,0.6000043552045635,0.40066731881614376
577,cup,0.9695,740.7,344.7,1280.6,787.4,1010,565,0.0154638041392689,0.0077319020696344,0.6000054164949357,0.4022448197154094
578,cup,0.9672,743.3,344.5,1281.4,787.2,1012,565,0.0160822881794223,0.0077318693170299,0.6000028748512436,0.4006388074049585
579,cup,0.9705,745.8,344.6,1283.7,787.2,1014,565,0.0167007852707491,0.0077318450327542,0.6000009903606193,0.39892947042146687
580,cup,0.9699,747.2,344.1,1285.5,786.4,1016,565,0.0173192695474006,0.0077318167622324,0.5999987965322341,0.3988108906200475
581,cup,0.9698,749.3,344.5,1286.8,786.9,1017,565,0.0176286835672628,0.0077318787575714,0.6000036074492477,0.40010214327790306
582,cup,0.9735,751.7,344.2,1290.7,786.1,1020,565,0.0185562113007391,0.0077317547086412,0.5999939810947847,0.4007406970112154
583,cup,0.9738,752.8,344.2,1292.9,785.9,1022,564,0.0191748137999106,0.0074225085677073,0.5999959249590311,0.39831038764270016
584,cup,0.9736,754.8,344.2,1294.0,786.7,1024,565,0.019793177522306,0.0077317099696508,0.5999905092923257,0.39717277560865083
585,cup,0.9741,756.6,344.8,1294.4,786.9,1025,565,0.0201026693783524,0.0077317959147509,0.5999971787412048,0.40202915612549
586,cup,0.9735,758.6,343.6,1296.0,786.6,1027,564,0.0207211919344327,0.0074225165138266,0.59999656728085,0.4002207873795581
587,cup,0.9752,759.5,344.4,1296.5,786.2,1027,565,0.0207215207108871,0.0077319107130175,0.6000060872324363,0.39740063272135445
588,cup,0.9753,762.1,343.9,1298.5,785.4,1030,564,0.021648928944556,0.0074224899238477,0.5999944178890623,0.39803614468453996
589,cup,0.9774,763.3,344.1,1298.6,785.7,1030,564,0.0216493571799524,0.0074226367474122,0.6000062863213558,0.39871397106089074
590,cup,0.9764,765.3,344.3,1301.6,784.6,1033,564,0.0225765708214556,0.0074224342426703,0.599989916920252,0.40194439976327484
591,cup,0.9773,765.9,344.5,1303.6,784.5,1034,564,0.0228860270770219,0.0074224952682233,0.5999948498998205,0.39962091097628816
592,cup,0.9773,766.4,344.3,1304.2,785.1,1035,564,0.0231954542055757,0.0074225453457842,0.599998897902217,0.39818324855574705
593,cup,0.9757,766.8,344.3,1305.1,784.4,1035,564,0.0231958874052974,0.0074226839696951,0.6000101035183389,0.4011653510797833
594,cup,0.9758,767.7,344.8,1306.6,785.4,1036,564,0.0235051660741517,0.0074226840234163,0.6000101078608692,0.4050203296648966
595,cup,0.9747,768.1,344.3,1307.6,786.3,1037,565,0.0238143099068275,0.007731918800918,0.6000067148637809,0.4046674681540582
596,cup,0.9738,768.3,344.8,1307.9,786.7,1037,565,0.0238146689236824,0.0077320353648319,0.6000157603714833,0.39813991932430826
597,cup,0.9734,769.0,344.5,1309.7,786.5,1039,565,0.0244328113135376,0.0077319023144106,0.6000054354898775,0.39820430123434786
598,cup,0.9736,769.2,344.8,1310.6,786.5,1039,565,0.0244332429083531,0.0077320388950484,0.6000160343207653,0.40166308685371294
599,cup,0.9737,769.6,344.7,1310.7,787.6,1039,565,0.0244335579051482,0.0077321385775785,0.6000237698116503,0.399728680305501
600,cup,0.9745,770.9,345.3,1312.4,787.0,1041,566,0.0250514134915745,0.0080411944540856,0.6000066328698982,0.39870743478058723
601,cup,0.9731,772.3,345.2,1313.2,786.8,1042,565,0.0253608169800951,0.0077319563963704,0.6000096323186185,0.398813520526464
602,cup,0.9733,773.8,345.3,1313.3,786.9,1043,565,0.0256700420957462,0.007731940390285,0.6000083902260668,0.3994019312653511
603,cup,0.972,775.4,345.2,1314.2,786.3,1044,565,0.0259792726627663,0.007731926387728,0.6000073036098714,0.4019460940892645
604,cup,0.9712,776.0,345.4,1315.0,786.6,1045,565,0.0262884767447924,0.0077319049249389,0.6000056380701866,0.40252607709995336
605,cup,0.9681,776.3,345.4,1315.5,786.6,1045,565,0.0262888406547726,0.007732011957286,0.6000139439162047,0.3985858336088073
606,cup,0.9675,777.1,345.2,1315.9,786.2,1046,565,0.026597959076988,0.0077319648479616,0.6000102881728212,0.4019652982845786
607,cup,0.968,778.0,345.7,1316.5,786.7,1047,565,0.0269071576076462,0.0077319418412776,0.600008502824937,0.4011473465374672
608,cup,0.9676,779.8,344.6,1317.0,786.9,1048,565,0.027216361436987,0.0077319208627804,0.6000068748669173,0.40118256388274715
609,cup,0.967,780.6,345.0,1317.2,787.5,1048,566,0.0272166355005775,0.0080412786706251,0.6000129168221896,0.40215239560417837
